;Date;Time;Comp;Round;Day;Venue;Result;GF;GA;Opponent;xG;xGA;Poss;Attendance;Captain;Formation;Referee;Match Report;Notes;team;key;Sh;SoT;Dist;FK;PK;Att;Cmp%;CrdY;CrdR;2CrdY;Fls;Off;Int;age;value;repos
0;2022-08-13;18:30;Serie A;Matchweek 1;Sat;Away;W;2.0;0.0;Sampdoria;2.2;1.0;45.0;20047.0;Rafael Tolói;3-4-1-2;Federico Dionisi;Match Report;;Atalanta;2022-08-1318:30Serie AMatchweek 1AwayWSampdoriaAtalanta;9.0;3.0;14.4;0.0;0;408.0;76.7;6;0;0;21.0;2.0;11.0;24.5;€398.75m;10
1;2022-08-21;20:45;Serie A;Matchweek 2;Sun;Home;D;1.0;1.0;Milan;0.5;1.3;40.0;19216.0;Rafael Tolói;3-4-3;Fabio Maresca;Match Report;;Atalanta;2022-08-2120:45Serie AMatchweek 2HomeDMilanAtalanta;11.0;2.0;18.9;0.0;0;387.0;78.6;4;0;0;15.0;0.0;7.0;24.5;€398.75m;8
2;2022-08-28;18:30;Serie A;Matchweek 3;Sun;Away;W;1.0;0.0;Hellas Verona;0.8;0.5;51.0;16106.0;Rafael Tolói;3-4-3;Alessandro Prontera;Match Report;;Atalanta;2022-08-2818:30Serie AMatchweek 3AwayWHellas VeronaAtalanta;15.0;7.0;18.9;0.0;0;424.0;69.8;3;0;0;7.0;0.0;12.0;24.5;€398.75m;7
3;2022-09-01;20:45;Serie A;Matchweek 4;Thu;Home;W;3.0;1.0;Torino;2.9;0.4;41.0;17928.0;Rafael Tolói;3-4-3;Marco Di Bello;Match Report;;Atalanta;2022-09-0120:45Serie AMatchweek 4HomeWTorinoAtalanta;10.0;3.0;18.8;0.0;2;393.0;70.2;1;0;0;14.0;5.0;10.0;24.5;€398.75m;4
4;2022-09-05;18:30;Serie A;Matchweek 5;Mon;Away;W;2.0;0.0;Monza;1.9;0.6;41.0;11970.0;Rafael Tolói;4-2-3-1;Juan Sacchi;Match Report;;Atalanta;2022-09-0518:30Serie AMatchweek 5AwayWMonzaAtalanta;13.0;6.0;15.2;0.0;0;420.0;75.5;1;0;0;10.0;1.0;14.0;24.5;€398.75m;4
5;2022-09-11;12:30;Serie A;Matchweek 6;Sun;Home;D;1.0;1.0;Cremonese;0.7;0.6;58.0;18252.0;Rafael Tolói;3-4-3;Andrea Colombo;Match Report;;Atalanta;2022-09-1112:30Serie AMatchweek 6HomeDCremoneseAtalanta;14.0;6.0;19.5;1.0;0;506.0;74.7;3;0;0;9.0;2.0;15.0;24.5;€398.75m;6
6;2022-09-18;18:00;Serie A;Matchweek 7;Sun;Away;W;1.0;0.0;Roma;0.2;2.4;44.0;61335.0;Rafael Tolói;3-4-3;Daniele Chiffi;Match Report;;Atalanta;2022-09-1818:00Serie AMatchweek 7AwayWRomaAtalanta;4.0;1.0;25.1;0.0;0;418.0;72.7;7;0;0;19.0;0.0;14.0;24.5;€398.75m;7
7;2022-10-02;18:00;Serie A;Matchweek 8;Sun;Home;W;1.0;0.0;Fiorentina;1.3;0.7;39.0;18265.0;Rafael Tolói;3-4-1-2;Massimiliano Irrati;Match Report;;Atalanta;2022-10-0218:00Serie AMatchweek 8HomeWFiorentinaAtalanta;10.0;5.0;15.5;1.0;0;374.0;74.3;2;0;0;12.0;2.0;4.0;24.5;€398.75m;14
8;2022-10-09;15:00;Serie A;Matchweek 9;Sun;Away;D;2.0;2.0;Udinese;2.1;1.0;41.0;24671.0;Marten de Roon;3-4-1-2;Daniele Doveri;Match Report;;Atalanta;2022-10-0915:00Serie AMatchweek 9AwayDUdineseAtalanta;8.0;4.0;18.5;2.0;1;384.0;76.0;3;0;0;12.0;1.0;9.0;24.5;€398.75m;7
9;2022-10-15;20:45;Serie A;Matchweek 10;Sat;Home;W;2.0;1.0;Sassuolo;2.5;0.8;48.0;17772.0;Marten de Roon;3-4-1-2;Matteo Marcenaro;Match Report;;Atalanta;2022-10-1520:45Serie AMatchweek 10HomeWSassuoloAtalanta;16.0;4.0;13.8;0.0;0;533.0;80.7;1;0;0;10.0;3.0;13.0;24.5;€398.75m;6
10;2022-10-23;18:00;Serie A;Matchweek 11;Sun;Home;L;0.0;2.0;Lazio;0.8;0.9;47.0;18988.0;Marten de Roon;3-4-1-2;Rosario Abisso;Match Report;;Atalanta;2022-10-2318:00Serie AMatchweek 11HomeLLazioAtalanta;7.0;0.0;14.1;0.0;0;537.0;81.0;4;1;1;15.0;1.0;7.0;24.5;€398.75m;8
11;2022-10-30;12:30;Serie A;Matchweek 12;Sun;Away;W;2.0;0.0;Empoli;3.0;0.8;47.0;8740.0;Rafael Tolói;3-5-2;Giovanni Ayroldi;Match Report;;Atalanta;2022-10-3012:30Serie AMatchweek 12AwayWEmpoliAtalanta;19.0;5.0;16.2;1.0;0;445.0;81.8;1;0;0;13.0;2.0;15.0;24.5;€398.75m;7
12;2022-11-05;18:00;Serie A;Matchweek 13;Sat;Home;L;1.0;2.0;Napoli;2.0;1.3;47.0;19363.0;Rafael Tolói;3-4-1-2;Maurizio Mariani;Match Report;;Atalanta;2022-11-0518:00Serie AMatchweek 13HomeLNapoliAtalanta;15.0;3.0;19.5;0.0;1;511.0;78.1;5;0;0;10.0;2.0;11.0;24.5;€398.75m;6
13;2022-11-09;18:30;Serie A;Matchweek 14;Wed;Away;L;1.0;2.0;Lecce;1.5;1.1;61.0;23797.0;Marten de Roon;3-4-3;Gianluca Aureliano;Match Report;;Atalanta;2022-11-0918:30Serie AMatchweek 14AwayLLecceAtalanta;12.0;4.0;19.3;0.0;0;579.0;75.3;2;0;0;12.0;2.0;13.0;24.5;€398.75m;4
14;2022-11-13;12:30;Serie A;Matchweek 15;Sun;Home;L;2.0;3.0;Inter;1.8;2.2;47.0;19353.0;Hans Hateboer;4-2-3-1;Daniele Chiffi;Match Report;;Atalanta;2022-11-1312:30Serie AMatchweek 15HomeLInterAtalanta;17.0;6.0;19.4;1.0;1;453.0;77.0;0;0;0;10.0;1.0;8.0;24.5;€398.75m;4
15;2023-01-04;14:30;Serie A;Matchweek 16;Wed;Away;D;2.0;2.0;Spezia;2.1;1.5;64.0;;Rafael Tolói;3-4-1-2;Antonio Giua;Match Report;;Atalanta;2023-01-0414:30Serie AMatchweek 16AwayDSpeziaAtalanta;19.0;3.0;13.2;0.0;0;644.0;79.3;3;0;0;11.0;1.0;14.0;24.5;€398.75m;52
16;2023-01-09;20:45;Serie A;Matchweek 17;Mon;Away;W;2.0;1.0;Bologna;0.5;0.5;49.0;;Rafael Tolói;3-4-1-2;Marco Di Bello;Match Report;;Atalanta;2023-01-0920:45Serie AMatchweek 17AwayWBolognaAtalanta;7.0;3.0;16.6;0.0;0;564.0;78.5;2;0;0;15.0;1.0;18.0;24.5;€398.75m;5
0;2022-08-08;21:15;Coppa Italia;First round;Mon;Home;W;1.0;0.0;Cosenza;;;65.0;10706.0;Roberto Soriano;3-1-4-2;Giacomo Camplone;Match Report;;Bologna;2022-08-0821:15Coppa ItaliaFirst roundHomeWCosenzaBologna;23.0;10.0;;;0;;;2;0;0;10.0;0.0;11.0;23.7;€186.20m;10
1;2022-08-14;18:30;Serie A;Matchweek 1;Sun;Away;L;1.0;2.0;Lazio;1.5;0.7;58.0;45000.0;Roberto Soriano;3-4-1-2;Luca Massimi;Match Report;;Bologna;2022-08-1418:30Serie AMatchweek 1AwayLLazioBologna;10.0;2.0;20.9;1.0;1;489.0;85.1;6;1;1;18.0;2.0;8.0;23.7;€186.20m;6
2;2022-08-21;20:45;Serie A;Matchweek 2;Sun;Home;D;1.0;1.0;Hellas Verona;0.8;1.9;52.0;17725.0;Roberto Soriano;3-4-1-2;Matteo Marcenaro;Match Report;;Bologna;2022-08-2120:45Serie AMatchweek 2HomeDHellas VeronaBologna;17.0;5.0;23.1;1.0;0;394.0;72.1;3;1;0;10.0;1.0;5.0;23.7;€186.20m;7
3;2022-08-27;20:45;Serie A;Matchweek 3;Sat;Away;L;0.0;2.0;Milan;0.5;1.9;52.0;70430.0;Gary Medel;3-5-2;Gianluca Manganiello;Match Report;;Bologna;2022-08-2720:45Serie AMatchweek 3AwayLMilanBologna;8.0;0.0;24.5;1.0;0;502.0;81.3;1;0;0;9.0;2.0;5.0;23.7;€186.20m;6
4;2022-09-01;20:45;Serie A;Matchweek 4;Thu;Home;D;1.0;1.0;Salernitana;1.8;1.4;47.0;19787.0;Gary Medel;3-5-2;Davide Ghersini;Match Report;;Bologna;2022-09-0120:45Serie AMatchweek 4HomeDSalernitanaBologna;10.0;3.0;19.1;0.0;1;418.0;73.4;2;0;0;10.0;1.0;11.0;23.7;€186.20m;5
5;2022-09-04;15:00;Serie A;Matchweek 5;Sun;Away;D;2.0;2.0;Spezia;0.9;0.9;55.0;7555.0;Lorenzo De Silvestri;3-4-1-2;Antonio Giua;Match Report;;Bologna;2022-09-0415:00Serie AMatchweek 5AwayDSpeziaBologna;13.0;6.0;23.0;0.0;0;504.0;77.8;1;0;0;5.0;5.0;11.0;23.7;€186.20m;3
6;2022-09-11;15:00;Serie A;Matchweek 6;Sun;Home;W;2.0;1.0;Fiorentina;0.6;1.3;39.0;18901.0;Roberto Soriano;3-5-2;Daniele Orsato;Match Report;;Bologna;2022-09-1115:00Serie AMatchweek 6HomeWFiorentinaBologna;12.0;4.0;18.5;0.0;0;333.0;75.4;1;0;0;8.0;3.0;5.0;23.7;€186.20m;7
7;2022-09-17;15:00;Serie A;Matchweek 7;Sat;Home;L;0.0;1.0;Empoli;1.6;1.6;61.0;15670.0;Roberto Soriano;4-2-3-1;Manuel Volpi;Match Report;;Bologna;2022-09-1715:00Serie AMatchweek 7HomeLEmpoliBologna;16.0;3.0;18.6;1.0;0;466.0;77.3;2;0;0;11.0;4.0;7.0;23.7;€186.20m;6
8;2022-10-02;20:45;Serie A;Matchweek 8;Sun;Away;L;0.0;3.0;Juventus;0.4;1.8;52.0;34662.0;Roberto Soriano;4-2-3-1;Rosario Abisso;Match Report;;Bologna;2022-10-0220:45Serie AMatchweek 8AwayLJuventusBologna;9.0;1.0;19.6;0.0;0;536.0;82.6;1;0;0;15.0;1.0;9.0;23.7;€186.20m;15
9;2022-10-08;20:45;Serie A;Matchweek 9;Sat;Home;D;1.0;1.0;Sampdoria;0.8;0.6;51.0;20871.0;Gary Medel;4-2-3-1;Marco Piccinini;Match Report;;Bologna;2022-10-0820:45Serie AMatchweek 9HomeDSampdoriaBologna;10.0;3.0;19.8;1.0;0;444.0;74.8;2;0;0;17.0;5.0;11.0;23.7;€186.20m;6
10;2022-10-16;18:00;Serie A;Matchweek 10;Sun;Away;L;2.0;3.0;Napoli;1.3;2.6;51.0;50000.0;Gary Medel;4-3-3;Francesco Cosso;Match Report;;Bologna;2022-10-1618:00Serie AMatchweek 10AwayLNapoliBologna;16.0;3.0;17.5;0.0;0;563.0;83.5;4;0;0;10.0;1.0;10.0;23.7;€186.20m;8
11;2022-10-20;21:00;Coppa Italia;Second round;Thu;Home;W;1.0;0.0;Cagliari;;;57.0;6400.0;Kevin Bonifazi;4-2-3-1;Giacomo Camplone;Match Report;;Bologna;2022-10-2021:00Coppa ItaliaSecond roundHomeWCagliariBologna;17.0;8.0;;;0;;;1;0;0;9.0;5.0;9.0;23.7;€186.20m;4
12;2022-10-23;15:00;Serie A;Matchweek 11;Sun;Home;W;2.0;0.0;Lecce;1.8;0.4;54.0;24206.0;Gary Medel;4-2-3-1;Simone Sozza;Match Report;;Bologna;2022-10-2315:00Serie AMatchweek 11HomeWLecceBologna;8.0;4.0;13.3;0.0;1;464.0;74.6;5;0;0;12.0;1.0;11.0;23.7;€186.20m;3
13;2022-10-31;20:45;Serie A;Matchweek 12;Mon;Away;W;2.0;1.0;Monza;1.3;1.2;44.0;11388.0;Gary Medel;3-4-3;Luca Pairetto;Match Report;;Bologna;2022-10-3120:45Serie AMatchweek 12AwayWMonzaBologna;10.0;5.0;17.5;0.0;0;452.0;80.5;2;0;0;18.0;0.0;12.0;23.7;€186.20m;8
14;2022-11-06;12:30;Serie A;Matchweek 13;Sun;Home;W;2.0;1.0;Torino;2.0;1.0;56.0;23168.0;Gary Medel;3-4-3;Antonio Giua;Match Report;;Bologna;2022-11-0612:30Serie AMatchweek 13HomeWTorinoBologna;9.0;5.0;14.2;0.0;0;546.0;75.3;3;0;0;14.0;1.0;7.0;23.7;€186.20m;6
15;2022-11-09;20:45;Serie A;Matchweek 14;Wed;Away;L;1.0;6.0;Inter;0.7;2.6;43.0;69312.0;Gary Medel;4-2-3-1;Andrea Colombo;Match Report;;Bologna;2022-11-0920:45Serie AMatchweek 14AwayLInterBologna;10.0;4.0;19.6;1.0;0;434.0;78.8;5;0;0;11.0;0.0;11.0;23.7;€186.20m;3
16;2022-11-12;20:45;Serie A;Matchweek 15;Sat;Home;W;3.0;0.0;Sassuolo;0.8;0.8;51.0;20811.0;Roberto Soriano;4-2-3-1;Ivan Pezzuto;Match Report;;Bologna;2022-11-1220:45Serie AMatchweek 15HomeWSassuoloBologna;8.0;4.0;19.6;0.0;0;534.0;82.6;1;0;0;12.0;2.0;11.0;23.7;€186.20m;3
17;2023-01-04;16:30;Serie A;Matchweek 16;Wed;Away;L;0.0;1.0;Roma;0.7;1.5;61.0;62092.0;Roberto Soriano;4-2-3-1;Alberto Santoro;Match Report;;Bologna;2023-01-0416:30Serie AMatchweek 16AwayLRomaBologna;11.0;1.0;16.7;0.0;0;644.0;83.1;3;0;0;10.0;1.0;3.0;23.7;€186.20m;53
18;2023-01-09;20:45;Serie A;Matchweek 17;Mon;Home;L;1.0;2.0;Atalanta;0.5;0.5;51.0;;Roberto Soriano;4-2-3-1;Marco Di Bello;Match Report;;Bologna;2023-01-0920:45Serie AMatchweek 17HomeLAtalantaBologna;12.0;3.0;21.1;0.0;0;582.0;78.0;3;0;0;16.0;1.0;11.0;23.7;€186.20m;5
0;2022-08-06;21:00;Coppa Italia;First round;Sat;Home;L;1.0;2.0;SPAL;;;54.0;1155.0;Filippo Bandinelli;4-3-1-2;Manuel Volpi;Match Report;Required Extra Time;Empoli;2022-08-0621:00Coppa ItaliaFirst roundHomeLSPALEmpoli;23.0;6.0;;;0;;;3;0;0;17.0;4.0;10.0;24.5;€126.50m;10
1;2022-08-14;20:45;Serie A;Matchweek 1;Sun;Away;L;0.0;1.0;Spezia;0.7;0.5;59.0;8360.0;Filippo Bandinelli;4-3-1-2;Daniele Chiffi;Match Report;;Empoli;2022-08-1420:45Serie AMatchweek 1AwayLSpeziaEmpoli;18.0;5.0;23.4;1.0;0;586.0;77.1;1;0;0;8.0;1.0;10.0;24.5;€126.50m;8
2;2022-08-21;18:30;Serie A;Matchweek 2;Sun;Home;D;0.0;0.0;Fiorentina;0.4;0.7;37.0;10411.0;Filippo Bandinelli;4-3-1-2;Matteo Marchetti;Match Report;;Empoli;2022-08-2118:30Serie AMatchweek 2HomeDFiorentinaEmpoli;4.0;2.0;13.7;0.0;0;315.0;73.3;1;1;0;13.0;1.0;14.0;24.5;€126.50m;7
3;2022-08-28;20:45;Serie A;Matchweek 3;Sun;Away;D;1.0;1.0;Lecce;0.4;0.9;59.0;23941.0;Filippo Bandinelli;4-3-1-2;Alberto Santoro;Match Report;;Empoli;2022-08-2820:45Serie AMatchweek 3AwayDLecceEmpoli;9.0;3.0;23.2;1.0;0;519.0;79.0;2;0;0;5.0;1.0;7.0;24.5;€126.50m;7
4;2022-08-31;18:30;Serie A;Matchweek 4;Wed;Home;D;1.0;1.0;Hellas Verona;1.1;0.6;52.0;7269.0;Filippo Bandinelli;4-3-1-2;Marco Serra;Match Report;;Empoli;2022-08-3118:30Serie AMatchweek 4HomeDHellas VeronaEmpoli;16.0;4.0;23.0;1.0;0;408.0;69.9;0;0;0;5.0;2.0;10.0;24.5;€126.50m;3
5;2022-09-05;18:30;Serie A;Matchweek 5;Mon;Away;D;2.0;2.0;Salernitana;0.9;1.3;49.0;18173.0;Sebastiano Luperto;4-3-1-2;Rosario Abisso;Match Report;;Empoli;2022-09-0518:30Serie AMatchweek 5AwayDSalernitanaEmpoli;11.0;5.0;16.7;0.0;0;443.0;75.6;2;0;0;9.0;1.0;4.0;24.5;€126.50m;5
6;2022-09-12;20:45;Serie A;Matchweek 6;Mon;Home;L;1.0;2.0;Roma;1.1;3.0;52.0;4560.0;Filippo Bandinelli;4-3-1-2;Livio Marinelli;Match Report;;Empoli;2022-09-1220:45Serie AMatchweek 6HomeLRomaEmpoli;20.0;3.0;18.7;1.0;0;464.0;78.2;3;1;0;13.0;0.0;8.0;24.5;€126.50m;7
7;2022-09-17;15:00;Serie A;Matchweek 7;Sat;Away;W;1.0;0.0;Bologna;1.6;1.6;39.0;15670.0;Filippo Bandinelli;4-3-1-2;Manuel Volpi;Match Report;;Empoli;2022-09-1715:00Serie AMatchweek 7AwayWBolognaEmpoli;12.0;5.0;16.1;0.0;0;299.0;65.6;3;0;0;16.0;0.0;7.0;24.5;€126.50m;5
8;2022-10-01;20:45;Serie A;Matchweek 8;Sat;Home;L;1.0;3.0;Milan;1.1;2.3;43.0;15497.0;Sebastiano Luperto;4-3-1-2;Gianluca Aureliano;Match Report;;Empoli;2022-10-0120:45Serie AMatchweek 8HomeLMilanEmpoli;16.0;4.0;17.3;1.0;0;316.0;71.5;3;0;0;15.0;2.0;12.0;24.5;€126.50m;14
9;2022-10-09;12:30;Serie A;Matchweek 9;Sun;Away;D;1.0;1.0;Torino;0.2;2.4;34.0;16793.0;Filippo Bandinelli;4-3-1-2;Francesco Fourneau;Match Report;;Empoli;2022-10-0912:30Serie AMatchweek 9AwayDTorinoEmpoli;6.0;2.0;27.1;0.0;0;296.0;71.6;4;0;0;9.0;1.0;2.0;24.5;€126.50m;8
10;2022-10-15;15:00;Serie A;Matchweek 10;Sat;Home;W;1.0;0.0;Monza;1.8;1.3;36.0;7258.0;Filippo Bandinelli;4-3-1-2;Antonio Rapuano;Match Report;;Empoli;2022-10-1515:00Serie AMatchweek 10HomeWMonzaEmpoli;11.0;5.0;11.8;0.0;0;348.0;74.4;5;0;0;17.0;1.0;13.0;24.5;€126.50m;6
11;2022-10-21;20:45;Serie A;Matchweek 11;Fri;Away;L;0.0;4.0;Juventus;0.7;3.5;58.0;37771.0;Filippo Bandinelli;4-3-1-2;Michael Fabbri;Match Report;;Empoli;2022-10-2120:45Serie AMatchweek 11AwayLJuventusEmpoli;12.0;4.0;20.0;1.0;0;577.0;86.3;2;0;0;11.0;1.0;9.0;24.5;€126.50m;6
12;2022-10-30;12:30;Serie A;Matchweek 12;Sun;Home;L;0.0;2.0;Atalanta;0.8;3.0;53.0;8740.0;Filippo Bandinelli;4-3-3;Giovanni Ayroldi;Match Report;;Empoli;2022-10-3012:30Serie AMatchweek 12HomeLAtalantaEmpoli;13.0;3.0;19.6;1.0;0;495.0;79.2;2;0;0;10.0;4.0;6.0;24.5;€126.50m;9
13;2022-11-05;15:00;Serie A;Matchweek 13;Sat;Home;W;1.0;0.0;Sassuolo;1.2;0.6;47.0;7834.0;Filippo Bandinelli;4-3-1-2;Ermanno Feliciani;Match Report;;Empoli;2022-11-0515:00Serie AMatchweek 13HomeWSassuoloEmpoli;17.0;1.0;17.2;0.0;0;467.0;80.5;2;0;0;11.0;4.0;3.0;24.5;€126.50m;6
14;2022-11-08;18:30;Serie A;Matchweek 14;Tue;Away;L;0.0;2.0;Napoli;0.3;2.0;26.0;36000.0;Filippo Bandinelli;4-3-1-2;Luca Pairetto;Match Report;;Empoli;2022-11-0818:30Serie AMatchweek 14AwayLNapoliEmpoli;6.0;1.0;23.4;0.0;0;266.0;68.4;6;1;1;16.0;1.0;7.0;24.5;€126.50m;3
15;2022-11-11;20:45;Serie A;Matchweek 15;Fri;Home;W;2.0;0.0;Cremonese;2.2;1.3;49.0;8077.0;Filippo Bandinelli;4-1-2-1-2◆;Federico Dionisi;Match Report;;Empoli;2022-11-1120:45Serie AMatchweek 15HomeWCremoneseEmpoli;13.0;6.0;15.9;1.0;0;473.0;78.6;1;0;0;9.0;1.0;9.0;24.5;€126.50m;3
16;2023-01-04;20:45;Serie A;Matchweek 16;Wed;Away;D;1.0;1.0;Udinese;0.4;1.9;40.0;19237.0;Sebastiano Luperto;4-3-1-2;Marco Serra;Match Report;;Empoli;2023-01-0420:45Serie AMatchweek 16AwayDUdineseEmpoli;6.0;1.0;17.4;0.0;0;372.0;77.4;3;1;1;14.0;2.0;3.0;24.5;€126.50m;54
17;2023-01-08;15:00;Serie A;Matchweek 17;Sun;Away;D;2.0;2.0;Lazio;0.6;0.9;46.0;;Sebastiano Luperto;4-3-2-1;Ivan Pezzuto;Match Report;;Empoli;2023-01-0815:00Serie AMatchweek 17AwayDLazioEmpoli;5.0;2.0;13.4;0.0;0;536.0;87.1;1;0;0;10.0;1.0;6.0;24.5;€126.50m;4
0;2022-08-14;18:30;Serie A;Matchweek 1;Sun;Home;W;3.0;2.0;Cremonese;2.0;1.3;74.0;34461.0;Cristiano Biraghi;4-3-3;Juan Sacchi;Match Report;;Fiorentina;2022-08-1418:30Serie AMatchweek 1HomeWCremoneseFiorentina;28.0;11.0;17.2;2.0;0;626.0;86.3;0;0;0;10.0;1.0;6.0;25.4;€325.80m;10
1;2022-08-18;21:00;Conf Lg;Play-off round;Thu;Home;W;2.0;1.0;nl Twente;;;;16674.0;Cristiano Biraghi;4-3-3;Daniel Stefański;Match Report;Leg 1 of 2;Fiorentina;2022-08-1821:00Conf LgPlay-off roundHomeWnl TwenteFiorentina;;;;;0;;;3;0;0;;;;25.4;€325.80m;4
2;2022-08-21;18:30;Serie A;Matchweek 2;Sun;Away;D;0.0;0.0;Empoli;0.7;0.4;63.0;10411.0;Giacomo Bonaventura;4-3-3;Matteo Marchetti;Match Report;;Fiorentina;2022-08-2118:30Serie AMatchweek 2AwayDEmpoliFiorentina;19.0;2.0;19.0;0.0;0;539.0;83.9;3;0;0;11.0;1.0;7.0;25.4;€325.80m;3
3;2022-08-25;19:00;Conf Lg;Play-off round;Thu;Away;D;0.0;0.0;nl Twente;;;;29500.0;Cristiano Biraghi;4-3-3;Radu Petrescu;Match Report;"Leg 2 of 2; Fiorentina won";Fiorentina;2022-08-2519:00Conf LgPlay-off roundAwayDnl TwenteFiorentina;;;;;0;;;5;1;1;;;;25.4;€325.80m;4
4;2022-08-28;20:45;Serie A;Matchweek 3;Sun;Home;D;0.0;0.0;Napoli;0.5;1.7;48.0;32286.0;Cristiano Biraghi;4-3-3;Livio Marinelli;Match Report;;Fiorentina;2022-08-2820:45Serie AMatchweek 3HomeDNapoliFiorentina;10.0;5.0;19.9;0.0;0;497.0;82.3;2;0;0;12.0;1.0;7.0;25.4;€325.80m;3
5;2022-08-31;18:30;Serie A;Matchweek 4;Wed;Away;L;0.0;1.0;Udinese;0.7;1.3;73.0;19684.0;Lorenzo Venuti;4-3-3;Maurizio Mariani;Match Report;;Fiorentina;2022-08-3118:30Serie AMatchweek 4AwayLUdineseFiorentina;12.0;2.0;16.7;0.0;0;720.0;87.9;2;0;0;10.0;0.0;3.0;25.4;€325.80m;3
6;2022-09-03;15:00;Serie A;Matchweek 5;Sat;Home;D;1.0;1.0;Juventus;2.1;0.9;60.0;36550.0;Cristiano Biraghi;4-3-3;Daniele Doveri;Match Report;;Fiorentina;2022-09-0315:00Serie AMatchweek 5HomeDJuventusFiorentina;16.0;4.0;17.2;1.0;0;538.0;86.1;1;0;0;13.0;0.0;10.0;25.4;€325.80m;3
7;2022-09-08;18:45;Conf Lg;Group stage;Thu;Home;D;1.0;1.0;lv FK Rīgas FS;3.1;1.4;75.0;11738.0;Cristiano Biraghi;4-3-3;Pavel Orel;Match Report;;Fiorentina;2022-09-0818:45Conf LgGroup stageHomeDlv FK Rīgas FSFiorentina;32.0;9.0;15.3;0.0;0;806.0;86.8;1;0;0;9.0;0.0;7.0;25.4;€325.80m;5
8;2022-09-11;15:00;Serie A;Matchweek 6;Sun;Away;L;1.0;2.0;Bologna;1.3;0.6;61.0;18901.0;Cristiano Biraghi;4-3-3;Daniele Orsato;Match Report;;Fiorentina;2022-09-1115:00Serie AMatchweek 6AwayLBolognaFiorentina;13.0;2.0;16.6;0.0;0;513.0;82.3;4;1;1;13.0;0.0;9.0;25.4;€325.80m;3
9;2022-09-15;22:00;Conf Lg;Group stage;Thu;Away;L;0.0;3.0;tr Başakşehir;0.3;0.4;55.0;5857.0;Lorenzo Venuti;4-3-3;Guillermo Cuadra;Match Report;;Fiorentina;2022-09-1522:00Conf LgGroup stageAwayLtr BaşakşehirFiorentina;7.0;2.0;22.3;0.0;0;555.0;85.0;3;1;1;13.0;1.0;3.0;25.4;€325.80m;4
10;2022-09-18;15:00;Serie A;Matchweek 7;Sun;Home;W;2.0;0.0;Hellas Verona;2.4;0.6;44.0;32216.0;Cristiano Biraghi;4-2-3-1;Antonio Rapuano;Match Report;;Fiorentina;2022-09-1815:00Serie AMatchweek 7HomeWHellas VeronaFiorentina;14.0;8.0;19.1;0.0;0;331.0;65.3;4;0;0;18.0;2.0;8.0;25.4;€325.80m;3
11;2022-10-02;18:00;Serie A;Matchweek 8;Sun;Away;L;0.0;1.0;Atalanta;0.7;1.3;61.0;18265.0;Cristiano Biraghi;4-3-3;Massimiliano Irrati;Match Report;;Fiorentina;2022-10-0218:00Serie AMatchweek 8AwayLAtalantaFiorentina;16.0;5.0;18.2;0.0;0;597.0;82.6;2;0;0;10.0;0.0;6.0;25.4;€325.80m;14
12;2022-10-06;20:00;Conf Lg;Group stage;Thu;Away;W;3.0;0.0;sct Hearts;2.7;0.2;71.0;17243.0;Cristiano Biraghi;4-3-3;Erik Lambrechts;Match Report;;Fiorentina;2022-10-0620:00Conf LgGroup stageAwayWsct HeartsFiorentina;25.0;7.0;15.6;1.0;0;693.0;85.7;0;0;0;15.0;3.0;4.0;25.4;€325.80m;4
13;2022-10-10;20:45;Serie A;Matchweek 9;Mon;Home;L;0.0;4.0;Lazio;2.2;1.6;62.0;30574.0;Cristiano Biraghi;4-3-3;Fabio Maresca;Match Report;;Fiorentina;2022-10-1020:45Serie AMatchweek 9HomeLLazioFiorentina;25.0;3.0;15.4;1.0;0;578.0;83.0;4;0;0;17.0;4.0;14.0;25.4;€325.80m;4
14;2022-10-13;18:45;Conf Lg;Group stage;Thu;Home;W;5.0;1.0;sct Hearts;2.1;0.4;68.0;18576.0;Cristiano Biraghi;4-3-3;Ivan Bebek;Match Report;;Fiorentina;2022-10-1318:45Conf LgGroup stageHomeWsct HeartsFiorentina;15.0;9.0;15.4;1.0;1;629.0;86.3;2;0;0;16.0;1.0;6.0;25.4;€325.80m;3
15;2022-10-17;20:45;Serie A;Matchweek 10;Mon;Away;D;1.0;1.0;Lecce;0.5;1.1;59.0;24925.0;Cristiano Biraghi;4-4-1-1;Luca Massimi;Match Report;;Fiorentina;2022-10-1720:45Serie AMatchweek 10AwayDLecceFiorentina;10.0;5.0;21.3;1.0;0;495.0;74.1;4;0;0;16.0;2.0;7.0;25.4;€325.80m;4
16;2022-10-22;20:45;Serie A;Matchweek 11;Sat;Home;L;3.0;4.0;Inter;1.3;2.4;58.0;36699.0;Cristiano Biraghi;4-3-3;Paolo Valeri;Match Report;;Fiorentina;2022-10-2220:45Serie AMatchweek 11HomeLInterFiorentina;9.0;3.0;18.8;1.0;1;533.0;80.7;4;0;0;15.0;0.0;7.0;25.4;€325.80m;5
17;2022-10-27;18:45;Conf Lg;Group stage;Thu;Home;W;2.0;1.0;tr Başakşehir;2.6;0.7;48.0;14345.0;Nikola Milenković;4-3-3;Allard Lindhout;Match Report;;Fiorentina;2022-10-2718:45Conf LgGroup stageHomeWtr BaşakşehirFiorentina;14.0;6.0;13.2;0.0;0;472.0;81.8;2;0;0;17.0;1.0;6.0;25.4;€325.80m;5
18;2022-10-30;15:00;Serie A;Matchweek 12;Sun;Away;W;2.0;1.0;Spezia;2.1;1.2;50.0;10500.0;Cristiano Biraghi;4-3-3;Davide Massa;Match Report;;Fiorentina;2022-10-3015:00Serie AMatchweek 12AwayWSpeziaFiorentina;27.0;5.0;19.4;0.0;0;365.0;69.6;3;0;0;14.0;1.0;12.0;25.4;€325.80m;3
19;2022-11-03;17:30;Conf Lg;Group stage;Thu;Away;W;3.0;0.0;lv FK Rīgas FS;1.9;0.6;68.0;6747.0;Lorenzo Venuti;4-3-3;Mads-Kristoffer Kristoffersen;Match Report;;Fiorentina;2022-11-0317:30Conf LgGroup stageAwayWlv FK Rīgas FSFiorentina;18.0;5.0;15.3;0.0;0;688.0;83.7;3;0;0;12.0;2.0;11.0;25.4;€325.80m;4
20;2022-11-06;15:00;Serie A;Matchweek 13;Sun;Away;W;2.0;0.0;Sampdoria;0.9;0.8;51.0;19226.0;Cristiano Biraghi;4-3-3;Livio Marinelli;Match Report;;Fiorentina;2022-11-0615:00Serie AMatchweek 13AwayWSampdoriaFiorentina;5.0;3.0;7.9;0.0;0;491.0;77.0;0;0;0;18.0;2.0;9.0;25.4;€325.80m;3
21;2022-11-09;20:45;Serie A;Matchweek 14;Wed;Home;W;2.0;1.0;Salernitana;2.8;0.5;58.0;27329.0;Cristiano Biraghi;4-2-3-1;Federico La Penna;Match Report;;Fiorentina;2022-11-0920:45Serie AMatchweek 14HomeWSalernitanaFiorentina;18.0;7.0;18.0;0.0;0;606.0;84.2;0;0;0;10.0;4.0;5.0;25.4;€325.80m;3
22;2022-11-13;18:00;Serie A;Matchweek 15;Sun;Away;L;1.0;2.0;Milan;0.5;1.5;50.0;73007.0;Cristiano Biraghi;4-2-3-1;Simone Sozza;Match Report;;Fiorentina;2022-11-1318:00Serie AMatchweek 15AwayLMilanFiorentina;11.0;4.0;18.3;0.0;0;451.0;75.8;4;0;0;11.0;2.0;6.0;25.4;€325.80m;4
23;2023-01-04;18:30;Serie A;Matchweek 16;Wed;Home;D;1.0;1.0;Monza;1.6;1.7;52.0;31190.0;Cristiano Biraghi;4-2-3-1;Ermanno Feliciani;Match Report;;Fiorentina;2023-01-0418:30Serie AMatchweek 16HomeDMonzaFiorentina;22.0;6.0;17.3;2.0;0;467.0;79.7;1;0;0;11.0;1.0;10.0;25.4;€325.80m;52
24;2023-01-07;15:00;Serie A;Matchweek 17;Sat;Home;W;2.0;1.0;Sassuolo;2.2;1.6;53.0;;Cristiano Biraghi;4-2-3-1;Gianluca Manganiello;Match Report;;Fiorentina;2023-01-0715:00Serie AMatchweek 17HomeWSassuoloFiorentina;14.0;3.0;14.9;1.0;1;456.0;75.2;4;0;0;14.0;1.0;5.0;25.4;€325.80m;3
25;2023-01-12;18:00;Coppa Italia;Round of 16;Thu;Home;W;1.0;0.0;Sampdoria;;;57.0;;Lucas Martínez Quarta;4-2-3-1;Daniele Paterna;Match Report;;Fiorentina;2023-01-1218:00Coppa ItaliaRound of 16HomeWSampdoriaFiorentina;13.0;3.0;;;0;;;1;0;0;16.0;2.0;7.0;25.4;€325.80m;5
0;2022-08-07;18:00;Coppa Italia;First round;Sun;Home;L;1.0;4.0;Bari;;;53.0;6576.0;Davide Faraoni;3-5-2;Niccolò Baroni;Match Report;;Hellas-Verona;2022-08-0718:00Coppa ItaliaFirst roundHomeLBariHellas-Verona;9.0;7.0;;;0;;;2;1;0;11.0;2.0;13.0;24.7;€162.98m;10
1;2022-08-15;18:30;Serie A;Matchweek 1;Mon;Home;L;2.0;5.0;Napoli;1.1;2.4;34.0;16967.0;Davide Faraoni;3-5-2;Michael Fabbri;Match Report;;Hellas-Verona;2022-08-1518:30Serie AMatchweek 1HomeLNapoliHellas-Verona;6.0;3.0;11.5;0.0;0;286.0;68.5;2;0;0;15.0;1.0;9.0;24.7;€162.98m;8
2;2022-08-21;20:45;Serie A;Matchweek 2;Sun;Away;D;1.0;1.0;Bologna;1.9;0.8;48.0;17725.0;Davide Faraoni;3-5-2;Matteo Marcenaro;Match Report;;Hellas-Verona;2022-08-2120:45Serie AMatchweek 2AwayDBolognaHellas-Verona;19.0;3.0;17.2;0.0;0;357.0;67.2;3;0;0;14.0;5.0;13.0;24.7;€162.98m;6
3;2022-08-28;18:30;Serie A;Matchweek 3;Sun;Home;L;0.0;1.0;Atalanta;0.5;0.8;49.0;16106.0;Miguel Veloso;3-5-2;Alessandro Prontera;Match Report;;Hellas-Verona;2022-08-2818:30Serie AMatchweek 3HomeLAtalantaHellas-Verona;14.0;2.0;25.7;0.0;0;413.0;70.5;3;0;0;15.0;2.0;9.0;24.7;€162.98m;7
4;2022-08-31;18:30;Serie A;Matchweek 4;Wed;Away;D;1.0;1.0;Empoli;0.6;1.1;48.0;7269.0;Davide Faraoni;3-5-2;Marco Serra;Match Report;;Hellas-Verona;2022-08-3118:30Serie AMatchweek 4AwayDEmpoliHellas-Verona;9.0;3.0;14.6;0.0;0;381.0;69.0;4;0;0;22.0;1.0;6.0;24.7;€162.98m;3
5;2022-09-04;18:00;Serie A;Matchweek 5;Sun;Home;W;2.0;1.0;Sampdoria;2.5;0.8;49.0;16675.0;Miguel Veloso;3-5-2;Paolo Valeri;Match Report;;Hellas-Verona;2022-09-0418:00Serie AMatchweek 5HomeWSampdoriaHellas-Verona;17.0;9.0;16.3;0.0;0;397.0;63.5;2;0;0;16.0;4.0;6.0;24.7;€162.98m;4
6;2022-09-11;18:00;Serie A;Matchweek 6;Sun;Away;L;0.0;2.0;Lazio;0.3;1.1;41.0;38000.0;Miguel Veloso;3-4-1-2;Massimiliano Irrati;Match Report;;Hellas-Verona;2022-09-1118:00Serie AMatchweek 6AwayLLazioHellas-Verona;7.0;1.0;19.7;0.0;0;370.0;67.6;5;0;0;23.0;3.0;6.0;24.7;€162.98m;7
7;2022-09-18;15:00;Serie A;Matchweek 7;Sun;Away;L;0.0;2.0;Fiorentina;0.6;2.4;56.0;32216.0;Darko Lazović;3-4-1-2;Antonio Rapuano;Match Report;;Hellas-Verona;2022-09-1815:00Serie AMatchweek 7AwayLFiorentinaHellas-Verona;8.0;1.0;17.7;0.0;0;427.0;68.6;4;0;0;17.0;4.0;6.0;24.7;€162.98m;7
8;2022-10-03;20:45;Serie A;Matchweek 8;Mon;Home;L;1.0;2.0;Udinese;0.3;1.8;32.0;15352.0;Miguel Veloso;3-4-1-2;Daniele Minelli;Match Report;;Hellas-Verona;2022-10-0320:45Serie AMatchweek 8HomeLUdineseHellas-Verona;7.0;2.0;19.2;0.0;0;276.0;63.4;3;0;0;15.0;4.0;8.0;24.7;€162.98m;15
9;2022-10-09;15:00;Serie A;Matchweek 9;Sun;Away;L;1.0;2.0;Salernitana;0.9;1.1;60.0;15922.0;Miguel Veloso;3-4-3;Davide Ghersini;Match Report;;Hellas-Verona;2022-10-0915:00Serie AMatchweek 9AwayLSalernitanaHellas-Verona;12.0;2.0;21.7;0.0;0;512.0;77.1;3;1;0;15.0;3.0;5.0;24.7;€162.98m;6
10;2022-10-16;20:45;Serie A;Matchweek 10;Sun;Home;L;1.0;2.0;Milan;2.1;1.9;46.0;22904.0;Miguel Veloso;3-4-3;Davide Massa;Match Report;;Hellas-Verona;2022-10-1620:45Serie AMatchweek 10HomeLMilanHellas-Verona;19.0;4.0;14.8;0.0;0;377.0;68.2;3;0;0;7.0;0.0;12.0;24.7;€162.98m;7
11;2022-10-24;20:45;Serie A;Matchweek 11;Mon;Away;L;1.0;2.0;Sassuolo;1.4;1.5;49.0;11368.0;Miguel Veloso;3-4-1-2;Alberto Santoro;Match Report;;Hellas-Verona;2022-10-2420:45Serie AMatchweek 11AwayLSassuoloHellas-Verona;13.0;5.0;16.0;1.0;0;432.0;75.7;3;0;0;19.0;4.0;9.0;24.7;€162.98m;8
12;2022-10-31;18:30;Serie A;Matchweek 12;Mon;Home;L;1.0;3.0;Roma;0.3;3.1;33.0;24000.0;Miguel Veloso;3-4-3;Juan Sacchi;Match Report;;Hellas-Verona;2022-10-3118:30Serie AMatchweek 12HomeLRomaHellas-Verona;7.0;3.0;24.1;0.0;0;288.0;69.1;3;1;0;9.0;0.0;8.0;24.7;€162.98m;7
13;2022-11-06;15:00;Serie A;Matchweek 13;Sun;Away;L;0.0;2.0;Monza;0.4;1.3;26.0;11723.0;Miguel Veloso;3-4-3;Francesco Cosso;Match Report;;Hellas-Verona;2022-11-0615:00Serie AMatchweek 13AwayLMonzaHellas-Verona;7.0;2.0;24.7;1.0;0;236.0;58.9;1;1;0;10.0;2.0;15.0;24.7;€162.98m;6
14;2022-11-10;18:30;Serie A;Matchweek 14;Thu;Home;L;0.0;1.0;Juventus;1.2;1.1;43.0;21934.0;Paweł Dawidowicz;3-4-3;Marco Di Bello;Match Report;;Hellas-Verona;2022-11-1018:30Serie AMatchweek 14HomeLJuventusHellas-Verona;15.0;2.0;21.4;1.0;0;368.0;73.6;3;0;0;14.0;1.0;7.0;24.7;€162.98m;4
15;2022-11-13;15:00;Serie A;Matchweek 15;Sun;Home;L;1.0;2.0;Spezia;2.1;0.8;45.0;18000.0;Miguel Veloso;3-4-3;Fabio Maresca;Match Report;;Hellas-Verona;2022-11-1315:00Serie AMatchweek 15HomeLSpeziaHellas-Verona;18.0;5.0;16.2;1.0;0;359.0;61.8;2;0;0;13.0;4.0;13.0;24.7;€162.98m;3
16;2023-01-04;14:30;Serie A;Matchweek 16;Wed;Away;D;1.0;1.0;Torino;0.9;0.4;33.0;;Darko Lazović;3-4-3;Federico Dionisi;Match Report;;Hellas-Verona;2023-01-0414:30Serie AMatchweek 16AwayDTorinoHellas-Verona;10.0;2.0;15.7;0.0;0;316.0;62.0;1;0;0;17.0;0.0;6.0;24.7;€162.98m;52
17;2023-01-09;18:30;Serie A;Matchweek 17;Mon;Home;W;2.0;0.0;Cremonese;1.5;0.8;47.0;;Darko Lazović;3-4-3;Maurizio Mariani;Match Report;;Hellas-Verona;2023-01-0918:30Serie AMatchweek 17HomeWCremoneseHellas-Verona;9.0;4.0;15.7;1.0;0;435.0;71.3;3;0;0;16.0;2.0;11.0;24.7;€162.98m;5
0;2022-08-13;20:45;Serie A;Matchweek 1;Sat;Away;W;2.0;1.0;Lecce;2.1;0.7;70.0;25353.0;Samir Handanović;3-5-2;Alessandro Prontera;Match Report;;Internazionale;2022-08-1320:45Serie AMatchweek 1AwayWLecceInternazionale;19.0;9.0;17.6;0.0;0;665.0;83.5;2;0;0;19.0;3.0;8.0;27.2;€558.55m;10
1;2022-08-20;20:45;Serie A;Matchweek 2;Sat;Home;W;3.0;0.0;Spezia;2.1;0.5;54.0;71212.0;Samir Handanović;3-5-2;Davide Ghersini;Match Report;;Internazionale;2022-08-2020:45Serie AMatchweek 2HomeWSpeziaInternazionale;19.0;8.0;14.6;0.0;0;551.0;85.7;0;0;0;11.0;5.0;8.0;27.2;€558.55m;7
2;2022-08-26;20:45;Serie A;Matchweek 3;Fri;Away;L;1.0;3.0;Lazio;1.5;1.1;52.0;52500.0;Samir Handanović;3-5-2;Michael Fabbri;Match Report;;Internazionale;2022-08-2620:45Serie AMatchweek 3AwayLLazioInternazionale;19.0;7.0;16.3;0.0;0;579.0;87.6;1;0;0;12.0;0.0;6.0;27.2;€558.55m;6
3;2022-08-30;20:45;Serie A;Matchweek 4;Tue;Home;W;3.0;1.0;Cremonese;2.2;1.2;53.0;70750.0;Samir Handanović;3-5-2;Francesco Fourneau;Match Report;;Internazionale;2022-08-3020:45Serie AMatchweek 4HomeWCremoneseInternazionale;18.0;7.0;15.4;1.0;0;510.0;84.9;0;0;0;6.0;2.0;12.0;27.2;€558.55m;4
4;2022-09-03;18:00;Serie A;Matchweek 5;Sat;Away;L;2.0;3.0;Milan;1.8;1.3;53.0;75475.0;Samir Handanović;3-5-2;Daniele Chiffi;Match Report;;Internazionale;2022-09-0318:00Serie AMatchweek 5AwayLMilanInternazionale;16.0;5.0;20.3;1.0;0;454.0;79.5;2;0;0;12.0;2.0;8.0;27.2;€558.55m;4
5;2022-09-07;21:00;Champions Lg;Group stage;Wed;Home;L;0.0;2.0;de Bayern Munich;0.7;2.5;44.0;58951.0;Danilo D'Ambrosio;3-5-2;Clément Turpin;Match Report;;Internazionale;2022-09-0721:00Champions LgGroup stageHomeLde Bayern MunichInternazionale;9.0;2.0;13.5;0.0;0;522.0;82.0;1;0;0;9.0;4.0;15.0;27.2;€558.55m;4
6;2022-09-10;18:00;Serie A;Matchweek 6;Sat;Home;W;1.0;0.0;Torino;1.5;0.7;57.0;69134.0;Samir Handanović;3-5-2;Giovanni Ayroldi;Match Report;;Internazionale;2022-09-1018:00Serie AMatchweek 6HomeWTorinoInternazionale;16.0;3.0;19.5;1.0;0;540.0;81.5;1;0;0;8.0;1.0;9.0;27.2;€558.55m;3
7;2022-09-13;18:45;Champions Lg;Group stage;Tue;Away;W;2.0;0.0;cz Viktoria Plzeň;1.9;0.3;71.0;11252.0;Marcelo Brozović;3-5-2;Sandro Schärer;Match Report;;Internazionale;2022-09-1318:45Champions LgGroup stageAwayWcz Viktoria PlzeňInternazionale;19.0;8.0;15.1;1.0;0;730.0;89.5;2;0;0;9.0;2.0;5.0;27.2;€558.55m;3
8;2022-09-18;12:30;Serie A;Matchweek 7;Sun;Away;L;1.0;3.0;Udinese;1.1;1.6;56.0;22475.0;Samir Handanović;3-5-2;Paolo Valeri;Match Report;;Internazionale;2022-09-1812:30Serie AMatchweek 7AwayLUdineseInternazionale;16.0;4.0;18.8;2.0;0;471.0;77.3;4;0;0;13.0;2.0;6.0;27.2;€558.55m;5
9;2022-10-01;18:00;Serie A;Matchweek 8;Sat;Home;L;1.0;2.0;Roma;1.0;1.0;58.0;75389.0;Samir Handanović;3-5-2;Davide Massa;Match Report;;Internazionale;2022-10-0118:00Serie AMatchweek 8HomeLRomaInternazionale;15.0;2.0;21.5;2.0;0;592.0;84.6;4;0;0;15.0;1.0;6.0;27.2;€558.55m;13
10;2022-10-04;21:00;Champions Lg;Group stage;Tue;Home;W;1.0;0.0;es Barcelona;0.2;0.5;29.0;71368.0;Milan Škriniar;3-5-2;Slavko Vinčič;Match Report;;Internazionale;2022-10-0421:00Champions LgGroup stageHomeWes BarcelonaInternazionale;5.0;2.0;23.1;0.0;0;318.0;75.8;6;0;0;9.0;7.0;13.0;27.2;€558.55m;3
11;2022-10-08;15:00;Serie A;Matchweek 9;Sat;Away;W;2.0;1.0;Sassuolo;2.3;1.2;48.0;17574.0;Danilo D'Ambrosio;3-5-2;Simone Sozza;Match Report;;Internazionale;2022-10-0815:00Serie AMatchweek 9AwayWSassuoloInternazionale;16.0;4.0;15.9;1.0;0;489.0;84.3;2;0;0;17.0;1.0;5.0;27.2;€558.55m;4
12;2022-10-12;21:00;Champions Lg;Group stage;Wed;Away;D;3.0;3.0;es Barcelona;2.0;2.2;39.0;92302.0;Milan Škriniar;3-5-2;Szymon Marciniak;Match Report;;Internazionale;2022-10-1221:00Champions LgGroup stageAwayDes BarcelonaInternazionale;11.0;8.0;12.9;0.0;0;362.0;66.3;3;0;0;15.0;3.0;7.0;27.2;€558.55m;4
13;2022-10-16;12:30;Serie A;Matchweek 10;Sun;Home;W;2.0;0.0;Salernitana;1.7;0.4;61.0;75452.0;Milan Škriniar;3-5-2;Juan Sacchi;Match Report;;Internazionale;2022-10-1612:30Serie AMatchweek 10HomeWSalernitanaInternazionale;16.0;6.0;14.4;1.0;0;572.0;85.8;0;0;0;12.0;0.0;8.0;27.2;€558.55m;4
14;2022-10-22;20:45;Serie A;Matchweek 11;Sat;Away;W;4.0;3.0;Fiorentina;2.4;1.3;42.0;36699.0;Milan Škriniar;3-5-2;Paolo Valeri;Match Report;;Internazionale;2022-10-2220:45Serie AMatchweek 11AwayWFiorentinaInternazionale;7.0;6.0;14.3;0.0;1;383.0;71.8;3;0;0;14.0;4.0;13.0;27.2;€558.55m;6
15;2022-10-26;18:45;Champions Lg;Group stage;Wed;Home;W;4.0;0.0;cz Viktoria Plzeň;3.2;0.1;63.0;71849.0;Milan Škriniar;3-5-2;Andreas Ekberg;Match Report;;Internazionale;2022-10-2618:45Champions LgGroup stageHomeWcz Viktoria PlzeňInternazionale;22.0;9.0;14.5;0.0;0;630.0;87.3;0;0;0;9.0;3.0;9.0;27.2;€558.55m;4
16;2022-10-29;20:45;Serie A;Matchweek 12;Sat;Home;W;3.0;0.0;Sampdoria;2.0;0.5;51.0;73311.0;Milan Škriniar;3-5-2;Luca Massimi;Match Report;;Internazionale;2022-10-2920:45Serie AMatchweek 12HomeWSampdoriaInternazionale;17.0;8.0;14.4;1.0;0;528.0;80.7;1;0;0;4.0;1.0;10.0;27.2;€558.55m;3
17;2022-11-01;21:00;Champions Lg;Group stage;Tue;Away;L;0.0;2.0;de Bayern Munich;0.7;1.5;40.0;75000.0;Lautaro Martínez;3-5-2;Ivan Kružliak;Match Report;;Internazionale;2022-11-0121:00Champions LgGroup stageAwayLde Bayern MunichInternazionale;7.0;4.0;16.1;0.0;0;431.0;79.4;2;0;0;13.0;1.0;7.0;27.2;€558.55m;3
18;2022-11-06;20:45;Serie A;Matchweek 13;Sun;Away;L;0.0;2.0;Juventus;1.2;0.9;53.0;40093.0;Milan Škriniar;3-5-2;Daniele Doveri;Match Report;;Internazionale;2022-11-0620:45Serie AMatchweek 13AwayLJuventusInternazionale;14.0;4.0;18.0;0.0;0;572.0;82.5;3;0;0;13.0;1.0;10.0;27.2;€558.55m;5
19;2022-11-09;20:45;Serie A;Matchweek 14;Wed;Home;W;6.0;1.0;Bologna;2.6;0.7;57.0;69312.0;Milan Škriniar;3-5-2;Andrea Colombo;Match Report;;Internazionale;2022-11-0920:45Serie AMatchweek 14HomeWBolognaInternazionale;12.0;6.0;14.6;1.0;1;576.0;85.2;1;0;0;10.0;2.0;5.0;27.2;€558.55m;3
20;2022-11-13;12:30;Serie A;Matchweek 15;Sun;Away;W;3.0;2.0;Atalanta;2.2;1.8;53.0;19353.0;Milan Škriniar;3-5-2;Daniele Chiffi;Match Report;;Internazionale;2022-11-1312:30Serie AMatchweek 15AwayWAtalantaInternazionale;14.0;3.0;15.8;1.0;0;512.0;79.7;3;0;0;11.0;0.0;4.0;27.2;€558.55m;4
21;2023-01-04;20:45;Serie A;Matchweek 16;Wed;Home;W;1.0;0.0;Napoli;1.4;0.9;36.0;;Milan Škriniar;3-5-2;Simone Sozza;Match Report;;Internazionale;2023-01-0420:45Serie AMatchweek 16HomeWNapoliInternazionale;6.0;1.0;11.8;0.0;0;381.0;76.4;3;0;0;12.0;4.0;13.0;27.2;€558.55m;52
22;2023-01-07;20:45;Serie A;Matchweek 17;Sat;Away;D;2.0;2.0;Monza;1.7;1.5;46.0;;Milan Škriniar;3-5-2;Juan Sacchi;Match Report;;Internazionale;2023-01-0720:45Serie AMatchweek 17AwayDMonzaInternazionale;11.0;3.0;13.9;0.0;0;467.0;79.9;3;0;0;20.0;3.0;8.0;27.2;€558.55m;3
23;2023-01-10;21:00;Coppa Italia;Round of 16;Tue;Home;W;2.0;1.0;Parma;;;72.0;;Danilo D'Ambrosio;3-5-2;Alessandro Prontera;Match Report;Required Extra Time;Internazionale;2023-01-1021:00Coppa ItaliaRound of 16HomeWParmaInternazionale;11.0;4.0;;;0;;;1;0;0;13.0;4.0;9.0;27.2;€558.55m;3
0;2022-08-15;20:45;Serie A;Matchweek 1;Mon;Home;W;3.0;0.0;Sassuolo;2.0;0.9;42.0;38725.0;Leonardo Bonucci;4-4-2;Antonio Rapuano;Match Report;;Juventus;2022-08-1520:45Serie AMatchweek 1HomeWSassuoloJuventus;13.0;3.0;18.4;0.0;1;421.0;82.4;1;0;0;7.0;4.0;12.0;25.0;€642.50m;10
1;2022-08-22;20:45;Serie A;Matchweek 2;Mon;Away;D;0.0;0.0;Sampdoria;0.8;0.9;52.0;27573.0;Juan Cuadrado;4-3-3;Rosario Abisso;Match Report;;Juventus;2022-08-2220:45Serie AMatchweek 2AwayDSampdoriaJuventus;10.0;4.0;16.0;0.0;0;475.0;84.6;2;0;0;14.0;3.0;4.0;25.0;€642.50m;7
2;2022-08-27;18:30;Serie A;Matchweek 3;Sat;Home;D;1.0;1.0;Roma;0.6;1.3;57.0;41003.0;Juan Cuadrado;4-2-3-1;Massimiliano Irrati;Match Report;;Juventus;2022-08-2718:30Serie AMatchweek 3HomeDRomaJuventus;14.0;3.0;23.6;3.0;0;559.0;83.5;2;0;0;16.0;0.0;6.0;25.0;€642.50m;5
3;2022-08-31;20:45;Serie A;Matchweek 4;Wed;Home;W;2.0;0.0;Spezia;0.9;0.2;50.0;35709.0;Juan Cuadrado;4-3-3;Andrea Colombo;Match Report;;Juventus;2022-08-3120:45Serie AMatchweek 4HomeWSpeziaJuventus;15.0;3.0;18.6;1.0;0;504.0;81.9;0;0;0;11.0;1.0;12.0;25.0;€642.50m;4
4;2022-09-03;15:00;Serie A;Matchweek 5;Sat;Away;D;1.0;1.0;Fiorentina;0.9;2.1;40.0;36550.0;Juan Cuadrado;4-3-3;Daniele Doveri;Match Report;;Juventus;2022-09-0315:00Serie AMatchweek 5AwayDFiorentinaJuventus;4.0;1.0;14.2;0.0;0;364.0;83.8;3;0;0;12.0;1.0;14.0;25.0;€642.50m;3
5;2022-09-06;21:00;Champions Lg;Group stage;Tue;Away;L;1.0;2.0;fr Paris S-G;1.0;1.7;43.0;47415.0;Leandro Paredes;3-5-2;Anthony Taylor;Match Report;;Juventus;2022-09-0621:00Champions LgGroup stageAwayLfr Paris S-GJuventus;13.0;4.0;14.3;0.0;0;504.0;88.7;3;0;0;18.0;4.0;8.0;25.0;€642.50m;3
6;2022-09-11;20:45;Serie A;Matchweek 6;Sun;Home;D;2.0;2.0;Salernitana;1.9;1.6;61.0;35097.0;Leonardo Bonucci;4-3-3;Matteo Marcenaro;Match Report;;Juventus;2022-09-1120:45Serie AMatchweek 6HomeDSalernitanaJuventus;22.0;6.0;18.6;1.0;0;624.0;85.1;5;2;1;13.0;6.0;14.0;25.0;€642.50m;5
7;2022-09-14;21:00;Champions Lg;Group stage;Wed;Home;L;1.0;2.0;pt Benfica;0.8;2.2;45.0;34015.0;Leonardo Bonucci;3-5-2;Felix Zwayer;Match Report;;Juventus;2022-09-1421:00Champions LgGroup stageHomeLpt BenficaJuventus;11.0;3.0;19.6;0.0;0;465.0;74.2;4;0;0;9.0;4.0;9.0;25.0;€642.50m;3
8;2022-09-18;15:00;Serie A;Matchweek 7;Sun;Away;L;0.0;1.0;Monza;0.9;2.5;40.0;12878.0;Danilo;4-3-3;Fabio Maresca;Match Report;;Juventus;2022-09-1815:00Serie AMatchweek 7AwayLMonzaJuventus;10.0;2.0;12.9;0.0;0;398.0;75.9;1;1;0;17.0;0.0;10.0;25.0;€642.50m;4
9;2022-10-02;20:45;Serie A;Matchweek 8;Sun;Home;W;3.0;0.0;Bologna;1.8;0.4;48.0;34662.0;Leonardo Bonucci;4-4-2;Rosario Abisso;Match Report;;Juventus;2022-10-0220:45Serie AMatchweek 8HomeWBolognaJuventus;17.0;6.0;14.1;0.0;0;495.0;81.8;0;0;0;11.0;1.0;2.0;25.0;€642.50m;14
10;2022-10-05;21:00;Champions Lg;Group stage;Wed;Home;W;3.0;1.0;il Maccabi Haifa;2.3;2.0;51.0;28498.0;Juan Cuadrado;4-3-3;Sandro Schärer;Match Report;;Juventus;2022-10-0521:00Champions LgGroup stageHomeWil Maccabi HaifaJuventus;16.0;7.0;18.7;0.0;0;540.0;82.4;1;0;0;6.0;4.0;7.0;25.0;€642.50m;3
11;2022-10-08;18:00;Serie A;Matchweek 9;Sat;Away;L;0.0;2.0;Milan;0.8;2.2;60.0;75530.0;Leonardo Bonucci;4-4-2;Daniele Orsato;Match Report;;Juventus;2022-10-0818:00Serie AMatchweek 9AwayLMilanJuventus;10.0;3.0;17.9;0.0;0;586.0;83.4;3;0;0;7.0;0.0;11.0;25.0;€642.50m;3
12;2022-10-11;19:45;Champions Lg;Group stage;Tue;Away;L;0.0;2.0;il Maccabi Haifa;0.5;0.8;58.0;30074.0;Leonardo Bonucci;4-4-2;Antonio Matéu Lahoz;Match Report;;Juventus;2022-10-1119:45Champions LgGroup stageAwayLil Maccabi HaifaJuventus;10.0;5.0;18.1;0.0;0;545.0;79.4;2;0;0;12.0;1.0;11.0;25.0;€642.50m;3
13;2022-10-15;18:00;Serie A;Matchweek 10;Sat;Away;W;1.0;0.0;Torino;2.1;0.6;47.0;22269.0;Juan Cuadrado;3-5-2;Maurizio Mariani;Match Report;;Juventus;2022-10-1518:00Serie AMatchweek 10AwayWTorinoJuventus;14.0;8.0;15.6;0.0;0;459.0;78.4;0;0;0;8.0;0.0;10.0;25.0;€642.50m;4
14;2022-10-21;20:45;Serie A;Matchweek 11;Fri;Home;W;4.0;0.0;Empoli;3.5;0.7;42.0;37771.0;Leonardo Bonucci;3-5-2;Michael Fabbri;Match Report;;Juventus;2022-10-2120:45Serie AMatchweek 11HomeWEmpoliJuventus;21.0;7.0;14.3;1.0;0;424.0;82.3;2;0;0;13.0;2.0;11.0;25.0;€642.50m;6
15;2022-10-25;20:00;Champions Lg;Group stage;Tue;Away;L;3.0;4.0;pt Benfica;2.4;3.3;46.0;60131.0;Leonardo Bonucci;3-5-2;Srđan Jovanović;Match Report;;Juventus;2022-10-2520:00Champions LgGroup stageAwayLpt BenficaJuventus;13.0;4.0;9.7;0.0;0;452.0;80.1;1;0;0;9.0;1.0;7.0;25.0;€642.50m;4
16;2022-10-29;18:00;Serie A;Matchweek 12;Sat;Away;W;1.0;0.0;Lecce;0.6;0.2;64.0;25860.0;Juan Cuadrado;4-4-1-1;Daniele Chiffi;Match Report;;Juventus;2022-10-2918:00Serie AMatchweek 12AwayWLecceJuventus;13.0;5.0;18.6;0.0;0;601.0;80.9;5;0;0;13.0;0.0;6.0;25.0;€642.50m;4
17;2022-11-02;21:00;Champions Lg;Group stage;Wed;Home;L;1.0;2.0;fr Paris S-G;1.6;0.5;47.0;41089.0;Leonardo Bonucci;3-5-1-1;Carlos del Cerro;Match Report;;Juventus;2022-11-0221:00Champions LgGroup stageHomeLfr Paris S-GJuventus;15.0;2.0;20.1;0.0;0;594.0;87.7;3;0;0;14.0;3.0;9.0;25.0;€642.50m;4
18;2022-11-06;20:45;Serie A;Matchweek 13;Sun;Home;W;2.0;0.0;Inter;0.9;1.2;47.0;40093.0;Danilo;3-5-1-1;Daniele Doveri;Match Report;;Juventus;2022-11-0620:45Serie AMatchweek 13HomeWInterJuventus;8.0;3.0;16.0;0.0;0;498.0;81.9;1;0;0;16.0;1.0;10.0;25.0;€642.50m;4
19;2022-11-10;18:30;Serie A;Matchweek 14;Thu;Away;W;1.0;0.0;Hellas Verona;1.1;1.2;57.0;21934.0;Leonardo Bonucci;3-5-2;Marco Di Bello;Match Report;;Juventus;2022-11-1018:30Serie AMatchweek 14AwayWHellas VeronaJuventus;11.0;3.0;18.6;1.0;0;478.0;78.7;2;1;0;13.0;0.0;10.0;25.0;€642.50m;4
20;2022-11-13;20:45;Serie A;Matchweek 15;Sun;Home;W;3.0;0.0;Lazio;1.6;0.4;41.0;38729.0;Danilo;3-5-2;Davide Massa;Match Report;;Juventus;2022-11-1320:45Serie AMatchweek 15HomeWLazioJuventus;13.0;9.0;17.5;0.0;0;503.0;81.9;2;0;0;10.0;1.0;13.0;25.0;€642.50m;3
21;2023-01-04;18:30;Serie A;Matchweek 16;Wed;Away;W;1.0;0.0;Cremonese;1.6;0.9;55.0;14896.0;Danilo;3-5-1-1;Giovanni Ayroldi;Match Report;;Juventus;2023-01-0418:30Serie AMatchweek 16AwayWCremoneseJuventus;19.0;8.0;19.0;1.0;0;479.0;78.7;3;0;0;12.0;2.0;3.0;25.0;€642.50m;52
22;2023-01-07;18:00;Serie A;Matchweek 17;Sat;Home;W;1.0;0.0;Udinese;2.4;0.5;51.0;;Danilo;3-5-1-1;Matteo Marchetti;Match Report;;Juventus;2023-01-0718:00Serie AMatchweek 17HomeWUdineseJuventus;14.0;4.0;12.9;0.0;0;511.0;82.0;1;0;0;16.0;3.0;4.0;25.0;€642.50m;3
23;2023-01-13;20:45;Serie A;Matchweek 18;Fri;Away;L;1.0;5.0;Napoli;1.2;2.1;40.0;;Danilo;3-5-2;Daniele Doveri;Match Report;;Juventus;2023-01-1320:45Serie AMatchweek 18AwayLNapoliJuventus;11.0;2.0;18.9;0.0;0;403.0;80.1;1;0;0;9.0;0.0;8.0;25.0;€642.50m;6
0;2022-08-14;18:30;Serie A;Matchweek 1;Sun;Home;W;2.0;1.0;Bologna;0.7;1.5;42.0;45000.0;Ciro Immobile;4-3-3;Luca Massimi;Match Report;;Lazio;2022-08-1418:30Serie AMatchweek 1HomeWBolognaLazio;9.0;6.0;19.7;0.0;0;347.0;79.3;2;1;0;11.0;3.0;4.0;27.2;€264.48m;10
1;2022-08-20;18:30;Serie A;Matchweek 2;Sat;Away;D;0.0;0.0;Torino;0.8;0.7;46.0;16530.0;Ciro Immobile;4-3-3;Marco Piccinini;Match Report;;Lazio;2022-08-2018:30Serie AMatchweek 2AwayDTorinoLazio;7.0;2.0;16.5;0.0;0;450.0;77.3;5;0;0;12.0;0.0;6.0;27.2;€264.48m;6
2;2022-08-26;20:45;Serie A;Matchweek 3;Fri;Home;W;3.0;1.0;Inter;1.1;1.5;48.0;52500.0;Ciro Immobile;4-3-3;Michael Fabbri;Match Report;;Lazio;2022-08-2620:45Serie AMatchweek 3HomeWInterLazio;11.0;7.0;14.5;0.0;0;528.0;86.4;2;0;0;5.0;0.0;7.0;27.2;€264.48m;6
3;2022-08-31;18:30;Serie A;Matchweek 4;Wed;Away;D;1.0;1.0;Sampdoria;1.5;0.8;56.0;18499.0;Ciro Immobile;4-3-3;Gianluca Aureliano;Match Report;;Lazio;2022-08-3118:30Serie AMatchweek 4AwayDSampdoriaLazio;13.0;6.0;18.4;0.0;0;654.0;86.4;2;0;0;10.0;2.0;4.0;27.2;€264.48m;5
4;2022-09-03;20:45;Serie A;Matchweek 5;Sat;Home;L;1.0;2.0;Napoli;0.3;2.1;39.0;39000.0;Ciro Immobile;4-3-3;Simone Sozza;Match Report;;Lazio;2022-09-0320:45Serie AMatchweek 5HomeLNapoliLazio;8.0;2.0;26.7;0.0;0;421.0;80.8;4;0;0;12.0;0.0;10.0;27.2;€264.48m;3
5;2022-09-08;21:00;Europa Lg;Group stage;Thu;Home;W;4.0;2.0;nl Feyenoord;2.7;2.6;63.0;22763.0;Ciro Immobile;4-3-3;Ricardo de Burgos;Match Report;;Lazio;2022-09-0821:00Europa LgGroup stageHomeWnl FeyenoordLazio;15.0;8.0;12.7;0.0;0;765.0;87.3;1;0;0;8.0;1.0;6.0;27.2;€264.48m;5
6;2022-09-11;18:00;Serie A;Matchweek 6;Sun;Home;W;2.0;0.0;Hellas Verona;1.1;0.3;59.0;38000.0;Ciro Immobile;4-3-3;Massimiliano Irrati;Match Report;;Lazio;2022-09-1118:00Serie AMatchweek 6HomeWHellas VeronaLazio;15.0;6.0;15.9;0.0;0;540.0;79.6;2;0;0;5.0;3.0;8.0;27.2;€264.48m;3
7;2022-09-15;18:45;Europa Lg;Group stage;Thu;Away;L;1.0;5.0;dk Midtjylland;1.2;2.6;64.0;9052.0;Ciro Immobile;4-3-3;Nikola Dabanović;Match Report;;Lazio;2022-09-1518:45Europa LgGroup stageAwayLdk MidtjyllandLazio;13.0;2.0;17.6;0.0;0;724.0;87.6;1;0;0;14.0;3.0;7.0;27.2;€264.48m;4
8;2022-09-18;15:00;Serie A;Matchweek 7;Sun;Away;W;4.0;0.0;Cremonese;3.1;1.3;55.0;12991.0;Ciro Immobile;4-3-3;Daniele Orsato;Match Report;;Lazio;2022-09-1815:00Serie AMatchweek 7AwayWCremoneseLazio;13.0;5.0;13.4;0.0;1;516.0;81.6;1;0;0;9.0;0.0;8.0;27.2;€264.48m;3
9;2022-10-02;12:30;Serie A;Matchweek 8;Sun;Home;W;4.0;0.0;Spezia;2.3;1.1;61.0;41000.0;Ciro Immobile;4-3-3;Juan Sacchi;Match Report;;Lazio;2022-10-0212:30Serie AMatchweek 8HomeWSpeziaLazio;12.0;6.0;13.8;0.0;0;620.0;87.6;0;0;0;3.0;2.0;5.0;27.2;€264.48m;14
10;2022-10-06;18:45;Europa Lg;Group stage;Thu;Away;D;0.0;0.0;at Sturm Graz;0.6;0.8;62.0;14171.0;Ciro Immobile;4-3-3;Benoît Bastien;Match Report;;Lazio;2022-10-0618:45Europa LgGroup stageAwayDat Sturm GrazLazio;7.0;4.0;11.9;0.0;0;608.0;81.4;2;0;0;13.0;3.0;7.0;27.2;€264.48m;4
11;2022-10-10;20:45;Serie A;Matchweek 9;Mon;Away;W;4.0;0.0;Fiorentina;1.6;2.2;38.0;30574.0;Ciro Immobile;4-3-3;Fabio Maresca;Match Report;;Lazio;2022-10-1020:45Serie AMatchweek 9AwayWFiorentinaLazio;10.0;6.0;15.6;0.0;0;359.0;74.9;1;0;0;9.0;2.0;12.0;27.2;€264.48m;4
12;2022-10-13;21:00;Europa Lg;Group stage;Thu;Home;D;2.0;2.0;at Sturm Graz;1.9;1.3;54.0;21059.0;Ciro Immobile;4-3-3;Sascha Stegemann;Match Report;;Lazio;2022-10-1321:00Europa LgGroup stageHomeDat Sturm GrazLazio;8.0;2.0;17.9;0.0;1;536.0;81.3;4;1;1;10.0;2.0;8.0;27.2;€264.48m;3
13;2022-10-16;15:00;Serie A;Matchweek 10;Sun;Home;D;0.0;0.0;Udinese;0.8;0.9;54.0;45000.0;Ciro Immobile;4-3-3;Andrea Colombo;Match Report;;Lazio;2022-10-1615:00Serie AMatchweek 10HomeDUdineseLazio;8.0;3.0;16.2;1.0;0;522.0;79.7;1;0;0;8.0;0.0;9.0;27.2;€264.48m;3
14;2022-10-23;18:00;Serie A;Matchweek 11;Sun;Away;W;2.0;0.0;Atalanta;0.9;0.8;53.0;18988.0;Sergej Milinković-Savić;4-3-3;Rosario Abisso;Match Report;;Lazio;2022-10-2318:00Serie AMatchweek 11AwayWAtalantaLazio;12.0;5.0;23.0;0.0;0;604.0;85.3;2;0;0;9.0;0.0;12.0;27.2;€264.48m;7
15;2022-10-27;18:45;Europa Lg;Group stage;Thu;Home;W;2.0;1.0;dk Midtjylland;1.3;0.4;61.0;17756.0;Sergej Milinković-Savić;4-3-3;Daniel Stefański;Match Report;;Lazio;2022-10-2718:45Europa LgGroup stageHomeWdk MidtjyllandLazio;16.0;8.0;18.2;1.0;0;679.0;87.5;3;0;0;9.0;2.0;4.0;27.2;€264.48m;4
16;2022-10-30;18:00;Serie A;Matchweek 12;Sun;Home;L;1.0;3.0;Salernitana;1.9;1.5;61.0;40000.0;Danilo Cataldi;4-4-2;Gianluca Manganiello;Match Report;;Lazio;2022-10-3018:00Serie AMatchweek 12HomeLSalernitanaLazio;13.0;4.0;15.3;0.0;0;705.0;86.4;3;0;0;10.0;3.0;6.0;27.2;€264.48m;3
17;2022-11-03;18:45;Europa Lg;Group stage;Thu;Away;L;0.0;1.0;nl Feyenoord;0.7;1.1;56.0;43268.0;Sergej Milinković-Savić;4-3-3;Irfan Peljto;Match Report;;Lazio;2022-11-0318:45Europa LgGroup stageAwayLnl FeyenoordLazio;12.0;4.0;17.9;0.0;0;578.0;80.6;9;1;1;16.0;2.0;4.0;27.2;€264.48m;4
18;2022-11-06;18:00;Serie A;Matchweek 13;Sun;Away;W;1.0;0.0;Roma;0.6;0.5;41.0;62847.0;Danilo Cataldi;4-3-3;Daniele Orsato;Match Report;;Lazio;2022-11-0618:00Serie AMatchweek 13AwayWRomaLazio;5.0;3.0;23.0;0.0;0;419.0;75.2;3;0;0;14.0;2.0;6.0;27.2;€264.48m;3
19;2022-11-10;20:45;Serie A;Matchweek 14;Thu;Home;W;1.0;0.0;Monza;1.5;0.5;47.0;36000.0;Sergej Milinković-Savić;4-3-3;Alberto Santoro;Match Report;;Lazio;2022-11-1020:45Serie AMatchweek 14HomeWMonzaLazio;12.0;4.0;16.5;1.0;0;528.0;88.6;2;0;0;15.0;0.0;9.0;27.2;€264.48m;4
20;2022-11-13;20:45;Serie A;Matchweek 15;Sun;Away;L;0.0;3.0;Juventus;0.4;1.6;59.0;38729.0;Sergej Milinković-Savić;4-3-3;Davide Massa;Match Report;;Lazio;2022-11-1320:45Serie AMatchweek 15AwayLJuventusLazio;10.0;3.0;21.9;0.0;0;714.0;87.3;1;0;0;8.0;1.0;14.0;27.2;€264.48m;3
21;2023-01-04;16:30;Serie A;Matchweek 16;Wed;Away;L;1.0;2.0;Lecce;0.7;1.3;59.0;;Ciro Immobile;4-3-3;Livio Marinelli;Match Report;;Lazio;2023-01-0416:30Serie AMatchweek 16AwayLLecceLazio;8.0;2.0;15.1;0.0;0;624.0;79.3;2;0;0;13.0;2.0;12.0;27.2;€264.48m;52
22;2023-01-08;15:00;Serie A;Matchweek 17;Sun;Home;D;2.0;2.0;Empoli;0.9;0.6;54.0;;Ciro Immobile;4-3-3;Ivan Pezzuto;Match Report;;Lazio;2023-01-0815:00Serie AMatchweek 17HomeDEmpoliLazio;18.0;4.0;19.7;0.0;0;629.0;86.3;4;0;0;17.0;2.0;2.0;27.2;€264.48m;4
0;2022-08-13;18:30;Serie A;Matchweek 1;Sat;Home;W;4.0;2.0;Udinese;2.3;0.5;59.0;70197.0;Davide Calabria;4-2-3-1;Livio Marinelli;Match Report;;Milan;2022-08-1318:30Serie AMatchweek 1HomeWUdineseMilan;13.0;4.0;19.6;2.0;1;549.0;83.2;1;0;0;16.0;0.0;8.0;25.3;€546.95m;10
1;2022-08-21;20:45;Serie A;Matchweek 2;Sun;Away;D;1.0;1.0;Atalanta;1.3;0.5;60.0;19216.0;Davide Calabria;4-2-3-1;Fabio Maresca;Match Report;;Milan;2022-08-2120:45Serie AMatchweek 2AwayDAtalantaMilan;18.0;7.0;20.3;0.0;0;570.0;84.4;3;0;0;6.0;3.0;7.0;25.3;€546.95m;8
2;2022-08-27;20:45;Serie A;Matchweek 3;Sat;Home;W;2.0;0.0;Bologna;1.9;0.5;48.0;70430.0;Davide Calabria;4-2-3-1;Gianluca Manganiello;Match Report;;Milan;2022-08-2720:45Serie AMatchweek 3HomeWBolognaMilan;19.0;7.0;15.1;0.0;0;464.0;81.3;2;0;0;13.0;2.0;13.0;25.3;€546.95m;6
3;2022-08-30;18:30;Serie A;Matchweek 4;Tue;Away;D;0.0;0.0;Sassuolo;0.7;1.1;62.0;18053.0;Theo Hernández;4-2-3-1;Giovanni Ayroldi;Match Report;;Milan;2022-08-3018:30Serie AMatchweek 4AwayDSassuoloMilan;11.0;2.0;18.8;1.0;0;507.0;78.5;2;0;0;13.0;1.0;4.0;25.3;€546.95m;3
4;2022-09-03;18:00;Serie A;Matchweek 5;Sat;Home;W;3.0;2.0;Inter;1.3;1.8;47.0;75475.0;Davide Calabria;4-2-3-1;Daniele Chiffi;Match Report;;Milan;2022-09-0318:00Serie AMatchweek 5HomeWInterMilan;21.0;5.0;16.7;1.0;0;406.0;82.0;5;0;0;10.0;2.0;12.0;25.3;€546.95m;4
5;2022-09-06;21:00;Champions Lg;Group stage;Tue;Away;D;1.0;1.0;at RB Salzburg;0.9;1.3;65.0;29520.0;Davide Calabria;4-2-3-1;Srđan Jovanović;Match Report;;Milan;2022-09-0621:00Champions LgGroup stageAwayDat RB SalzburgMilan;14.0;3.0;22.4;0.0;0;544.0;79.6;4;0;0;19.0;3.0;2.0;25.3;€546.95m;3
6;2022-09-10;20:45;Serie A;Matchweek 6;Sat;Away;W;2.0;1.0;Sampdoria;1.7;0.7;43.0;23049.0;Davide Calabria;4-2-3-1;Michael Fabbri;Match Report;;Milan;2022-09-1020:45Serie AMatchweek 6AwayWSampdoriaMilan;14.0;3.0;15.1;0.0;1;394.0;78.7;2;1;1;10.0;2.0;12.0;25.3;€546.95m;4
7;2022-09-14;18:45;Champions Lg;Group stage;Wed;Home;W;3.0;1.0;hr Dinamo Zagreb;2.2;0.4;57.0;61341.0;Davide Calabria;4-2-3-1;Jesús Gil;Match Report;;Milan;2022-09-1418:45Champions LgGroup stageHomeWhr Dinamo ZagrebMilan;16.0;6.0;18.9;1.0;1;567.0;85.7;0;0;0;10.0;4.0;9.0;25.3;€546.95m;4
8;2022-09-18;20:45;Serie A;Matchweek 7;Sun;Home;L;1.0;2.0;Napoli;2.6;1.4;51.0;72573.0;Davide Calabria;4-2-3-1;Maurizio Mariani;Match Report;;Milan;2022-09-1820:45Serie AMatchweek 7HomeLNapoliMilan;22.0;5.0;13.8;1.0;0;481.0;80.0;4;0;0;18.0;1.0;6.0;25.3;€546.95m;4
9;2022-10-01;20:45;Serie A;Matchweek 8;Sat;Away;W;3.0;1.0;Empoli;2.3;1.1;57.0;15497.0;Davide Calabria;4-2-3-1;Gianluca Aureliano;Match Report;;Milan;2022-10-0120:45Serie AMatchweek 8AwayWEmpoliMilan;19.0;6.0;19.1;3.0;0;427.0;75.6;2;0;0;10.0;3.0;6.0;25.3;€546.95m;13
10;2022-10-05;20:00;Champions Lg;Group stage;Wed;Away;L;0.0;3.0;eng Chelsea;0.4;1.1;49.0;39537.0;Ismaël Bennacer;4-2-3-1;Danny Makkelie;Match Report;;Milan;2022-10-0520:00Champions LgGroup stageAwayLeng ChelseaMilan;4.0;1.0;11.3;0.0;0;522.0;79.7;3;0;0;14.0;1.0;8.0;25.3;€546.95m;4
11;2022-10-08;18:00;Serie A;Matchweek 9;Sat;Home;W;2.0;0.0;Juventus;2.2;0.8;40.0;75530.0;Theo Hernández;4-3-2-1;Daniele Orsato;Match Report;;Milan;2022-10-0818:00Serie AMatchweek 9HomeWJuventusMilan;21.0;3.0;17.0;0.0;0;397.0;71.3;2;0;0;7.0;1.0;8.0;25.3;€546.95m;3
12;2022-10-11;21:00;Champions Lg;Group stage;Tue;Home;L;0.0;2.0;eng Chelsea;0.4;2.2;31.0;75051.0;Theo Hernández;4-2-3-1;Daniel Siebert;Match Report;;Milan;2022-10-1121:00Champions LgGroup stageHomeLeng ChelseaMilan;7.0;1.0;18.8;1.0;0;323.0;75.5;6;1;0;12.0;0.0;7.0;25.3;€546.95m;3
13;2022-10-16;20:45;Serie A;Matchweek 10;Sun;Away;W;2.0;1.0;Hellas Verona;1.9;2.1;54.0;22904.0;Theo Hernández;4-2-3-1;Davide Massa;Match Report;;Milan;2022-10-1620:45Serie AMatchweek 10AwayWHellas VeronaMilan;16.0;6.0;19.7;0.0;0;434.0;74.9;2;0;0;9.0;1.0;11.0;25.3;€546.95m;5
14;2022-10-22;18:00;Serie A;Matchweek 11;Sat;Home;W;4.0;1.0;Monza;1.1;1.2;49.0;72938.0;Theo Hernández;4-2-3-1;Livio Marinelli;Match Report;;Milan;2022-10-2218:00Serie AMatchweek 11HomeWMonzaMilan;12.0;7.0;17.1;0.0;0;496.0;82.9;1;0;0;18.0;0.0;6.0;25.3;€546.95m;6
15;2022-10-25;21:00;Champions Lg;Group stage;Tue;Away;W;4.0;0.0;hr Dinamo Zagreb;3.2;0.7;45.0;20572.0;Theo Hernández;4-2-3-1;Szymon Marciniak;Match Report;;Milan;2022-10-2521:00Champions LgGroup stageAwayWhr Dinamo ZagrebMilan;21.0;9.0;15.4;0.0;1;448.0;79.9;1;0;0;15.0;3.0;8.0;25.3;€546.95m;3
16;2022-10-30;20:45;Serie A;Matchweek 12;Sun;Away;L;1.0;2.0;Torino;1.1;0.6;56.0;26133.0;Theo Hernández;4-2-3-1;Rosario Abisso;Match Report;;Milan;2022-10-3020:45Serie AMatchweek 12AwayLTorinoMilan;12.0;1.0;20.9;1.0;0;468.0;78.0;2;0;0;16.0;0.0;2.0;25.3;€546.95m;5
17;2022-11-02;21:00;Champions Lg;Group stage;Wed;Home;W;4.0;0.0;at RB Salzburg;1.8;1.6;48.0;74292.0;Theo Hernández;4-2-3-1;Antonio Matéu Lahoz;Match Report;;Milan;2022-11-0221:00Champions LgGroup stageHomeWat RB SalzburgMilan;15.0;7.0;17.0;0.0;0;415.0;74.9;0;0;0;6.0;2.0;3.0;25.3;€546.95m;3
18;2022-11-05;20:45;Serie A;Matchweek 13;Sat;Home;W;2.0;1.0;Spezia;2.2;1.6;58.0;71099.0;Theo Hernández;4-2-3-1;Michael Fabbri;Match Report;;Milan;2022-11-0520:45Serie AMatchweek 13HomeWSpeziaMilan;23.0;10.0;17.1;1.0;0;471.0;75.6;6;1;1;12.0;0.0;6.0;25.3;€546.95m;3
19;2022-11-08;20:45;Serie A;Matchweek 14;Tue;Away;D;0.0;0.0;Cremonese;1.0;0.3;71.0;14610.0;Ismaël Bennacer;3-4-1-2;Antonio Rapuano;Match Report;;Milan;2022-11-0820:45Serie AMatchweek 14AwayDCremoneseMilan;16.0;5.0;18.6;0.0;0;682.0;84.0;3;0;0;10.0;2.0;9.0;25.3;€546.95m;3
20;2022-11-13;18:00;Serie A;Matchweek 15;Sun;Home;W;2.0;1.0;Fiorentina;1.5;0.5;50.0;73007.0;Theo Hernández;4-2-3-1;Simone Sozza;Match Report;;Milan;2022-11-1318:00Serie AMatchweek 15HomeWFiorentinaMilan;12.0;2.0;20.9;0.0;0;460.0;76.1;1;0;0;13.0;3.0;10.0;25.3;€546.95m;5
21;2023-01-04;12:30;Serie A;Matchweek 16;Wed;Away;W;2.0;1.0;Salernitana;2.7;0.7;56.0;;Davide Calabria;4-2-3-1;Francesco Fourneau;Match Report;;Milan;2023-01-0412:30Serie AMatchweek 16AwayWSalernitanaMilan;16.0;10.0;16.7;1.0;0;446.0;78.5;1;0;0;13.0;4.0;10.0;25.3;€546.95m;52
22;2023-01-08;20:45;Serie A;Matchweek 17;Sun;Home;D;2.0;2.0;Roma;0.9;1.2;60.0;;Davide Calabria;4-2-3-1;Davide Massa;Match Report;;Milan;2023-01-0820:45Serie AMatchweek 17HomeDRomaMilan;12.0;5.0;17.3;1.0;0;542.0;84.7;4;0;0;19.0;0.0;10.0;25.3;€546.95m;4
23;2023-01-11;21:00;Coppa Italia;Round of 16;Wed;Home;L;0.0;1.0;Torino;;;59.0;;Sandro Tonali;3-5-1-1;Antonio Rapuano;Match Report;Required Extra Time;Milan;2023-01-1121:00Coppa ItaliaRound of 16HomeLTorinoMilan;34.0;8.0;;;0;;;0;0;0;9.0;4.0;7.0;25.3;€546.95m;3
0;2022-08-15;18:30;Serie A;Matchweek 1;Mon;Away;W;5.0;2.0;Hellas Verona;2.4;1.1;66.0;16967.0;Giovanni Di Lorenzo;4-3-3;Michael Fabbri;Match Report;;Napoli;2022-08-1518:30Serie AMatchweek 1AwayWHellas VeronaNapoli;25.0;8.0;15.2;0.0;0;558.0;83.9;2;0;0;6.0;2.0;12.0;25.3;€477.23m;10
1;2022-08-21;18:30;Serie A;Matchweek 2;Sun;Home;W;4.0;0.0;Monza;2.0;0.1;54.0;36559.0;Giovanni Di Lorenzo;4-3-3;Francesco Fourneau;Match Report;;Napoli;2022-08-2118:30Serie AMatchweek 2HomeWMonzaNapoli;22.0;5.0;15.3;1.0;0;525.0;88.0;2;0;0;11.0;1.0;4.0;25.3;€477.23m;6
2;2022-08-28;20:45;Serie A;Matchweek 3;Sun;Away;D;0.0;0.0;Fiorentina;1.7;0.5;52.0;32286.0;Giovanni Di Lorenzo;4-2-3-1;Livio Marinelli;Match Report;;Napoli;2022-08-2820:45Serie AMatchweek 3AwayDFiorentinaNapoli;13.0;2.0;14.7;1.0;0;540.0;84.3;3;0;0;14.0;2.0;11.0;25.3;€477.23m;7
3;2022-08-31;20:45;Serie A;Matchweek 4;Wed;Home;D;1.0;1.0;Lecce;1.7;1.1;71.0;37573.0;Giovanni Di Lorenzo;4-2-3-1;Matteo Marcenaro;Match Report;;Napoli;2022-08-3120:45Serie AMatchweek 4HomeDLecceNapoli;19.0;7.0;17.7;0.0;0;717.0;84.9;1;0;0;7.0;4.0;7.0;25.3;€477.23m;3
4;2022-09-03;20:45;Serie A;Matchweek 5;Sat;Away;W;2.0;1.0;Lazio;2.1;0.3;61.0;39000.0;Giovanni Di Lorenzo;4-2-3-1;Simone Sozza;Match Report;;Napoli;2022-09-0320:45Serie AMatchweek 5AwayWLazioNapoli;19.0;7.0;16.1;0.0;0;667.0;87.1;0;0;0;14.0;1.0;3.0;25.3;€477.23m;3
5;2022-09-07;21:00;Champions Lg;Group stage;Wed;Home;W;4.0;1.0;eng Liverpool;4.0;1.0;39.0;51793.0;Giovanni Di Lorenzo;4-2-3-1;Carlos del Cerro;Match Report;;Napoli;2022-09-0721:00Champions LgGroup stageHomeWeng LiverpoolNapoli;16.0;6.0;17.5;0.0;1;417.0;80.6;1;0;0;7.0;6.0;9.0;25.3;€477.23m;4
6;2022-09-10;15:00;Serie A;Matchweek 6;Sat;Home;W;1.0;0.0;Spezia;2.2;0.5;63.0;32839.0;Giovanni Di Lorenzo;4-3-3;Alberto Santoro;Match Report;;Napoli;2022-09-1015:00Serie AMatchweek 6HomeWSpeziaNapoli;28.0;6.0;17.8;0.0;0;570.0;87.0;1;0;0;6.0;5.0;10.0;25.3;€477.23m;3
7;2022-09-14;20:00;Champions Lg;Group stage;Wed;Away;W;3.0;0.0;sct Rangers;3.5;1.3;57.0;50121.0;Giovanni Di Lorenzo;4-2-3-1;Antonio Matéu Lahoz;Match Report;;Napoli;2022-09-1420:00Champions LgGroup stageAwayWsct RangersNapoli;23.0;8.0;20.0;0.0;1;520.0;79.0;1;0;0;12.0;0.0;7.0;25.3;€477.23m;4
8;2022-09-18;20:45;Serie A;Matchweek 7;Sun;Away;W;2.0;1.0;Milan;1.4;2.6;49.0;72573.0;Giovanni Di Lorenzo;4-3-3;Maurizio Mariani;Match Report;;Napoli;2022-09-1820:45Serie AMatchweek 7AwayWMilanNapoli;8.0;3.0;20.7;1.0;1;454.0;81.3;3;0;0;11.0;0.0;6.0;25.3;€477.23m;4
9;2022-10-01;15:00;Serie A;Matchweek 8;Sat;Home;W;3.0;1.0;Torino;1.6;1.0;49.0;35953.0;Giovanni Di Lorenzo;4-3-3;Luca Massimi;Match Report;;Napoli;2022-10-0115:00Serie AMatchweek 8HomeWTorinoNapoli;15.0;7.0;18.3;0.0;0;486.0;81.5;0;0;0;4.0;0.0;11.0;25.3;€477.23m;13
10;2022-10-04;21:00;Champions Lg;Group stage;Tue;Away;W;6.0;1.0;nl Ajax;3.3;1.4;56.0;52896.0;Giovanni Di Lorenzo;4-3-3;François Letexier;Match Report;;Napoli;2022-10-0421:00Champions LgGroup stageAwayWnl AjaxNapoli;26.0;13.0;15.5;1.0;0;525.0;82.7;2;0;0;4.0;1.0;16.0;25.3;€477.23m;3
11;2022-10-09;18:00;Serie A;Matchweek 9;Sun;Away;W;4.0;1.0;Cremonese;4.1;0.8;69.0;14238.0;Giovanni Di Lorenzo;4-3-3;Rosario Abisso;Match Report;;Napoli;2022-10-0918:00Serie AMatchweek 9AwayWCremoneseNapoli;20.0;9.0;17.8;1.0;1;654.0;88.4;0;0;0;6.0;1.0;2.0;25.3;€477.23m;5
12;2022-10-12;18:45;Champions Lg;Group stage;Wed;Home;W;4.0;2.0;nl Ajax;3.2;1.6;45.0;52229.0;Giovanni Di Lorenzo;4-3-3;Felix Zwayer;Match Report;;Napoli;2022-10-1218:45Champions LgGroup stageHomeWnl AjaxNapoli;12.0;4.0;15.4;0.0;1;469.0;85.1;3;0;0;11.0;3.0;6.0;25.3;€477.23m;3
13;2022-10-16;18:00;Serie A;Matchweek 10;Sun;Home;W;3.0;2.0;Bologna;2.6;1.3;49.0;50000.0;Giovanni Di Lorenzo;4-3-3;Francesco Cosso;Match Report;;Napoli;2022-10-1618:00Serie AMatchweek 10HomeWBolognaNapoli;31.0;11.0;14.3;0.0;0;535.0;83.0;0;0;0;6.0;2.0;4.0;25.3;€477.23m;4
14;2022-10-23;20:45;Serie A;Matchweek 11;Sun;Away;W;1.0;0.0;Roma;0.9;0.3;60.0;61633.0;Giovanni Di Lorenzo;4-3-3;Massimiliano Irrati;Match Report;;Napoli;2022-10-2320:45Serie AMatchweek 11AwayWRomaNapoli;12.0;5.0;21.2;0.0;0;576.0;84.2;4;0;0;12.0;0.0;7.0;25.3;€477.23m;7
15;2022-10-26;21:00;Champions Lg;Group stage;Wed;Home;W;3.0;0.0;sct Rangers;1.8;0.7;64.0;39835.0;Giovanni Di Lorenzo;4-3-3;Halil Umut Meler;Match Report;;Napoli;2022-10-2621:00Champions LgGroup stageHomeWsct RangersNapoli;14.0;6.0;12.9;0.0;0;819.0;91.0;2;0;0;12.0;2.0;13.0;25.3;€477.23m;3
16;2022-10-29;15:00;Serie A;Matchweek 12;Sat;Home;W;4.0;0.0;Sassuolo;2.1;1.0;67.0;45000.0;Giovanni Di Lorenzo;4-3-3;Antonio Rapuano;Match Report;;Napoli;2022-10-2915:00Serie AMatchweek 12HomeWSassuoloNapoli;18.0;6.0;16.2;1.0;0;715.0;89.9;0;0;0;5.0;3.0;7.0;25.3;€477.23m;3
17;2022-11-01;20:00;Champions Lg;Group stage;Tue;Away;L;0.0;2.0;eng Liverpool;0.4;2.4;48.0;52077.0;Giovanni Di Lorenzo;4-3-3;Tobias Stieler;Match Report;;Napoli;2022-11-0120:00Champions LgGroup stageAwayLeng LiverpoolNapoli;10.0;2.0;19.8;0.0;0;490.0;79.2;0;0;0;10.0;3.0;6.0;25.3;€477.23m;3
18;2022-11-05;18:00;Serie A;Matchweek 13;Sat;Away;W;2.0;1.0;Atalanta;1.3;2.0;53.0;19363.0;Giovanni Di Lorenzo;4-3-3;Maurizio Mariani;Match Report;;Napoli;2022-11-0518:00Serie AMatchweek 13AwayWAtalantaNapoli;7.0;5.0;14.3;0.0;0;583.0;81.6;1;0;0;9.0;2.0;4.0;25.3;€477.23m;4
19;2022-11-08;18:30;Serie A;Matchweek 14;Tue;Home;W;2.0;0.0;Empoli;2.0;0.3;74.0;36000.0;Giovanni Di Lorenzo;4-3-3;Luca Pairetto;Match Report;;Napoli;2022-11-0818:30Serie AMatchweek 14HomeWEmpoliNapoli;17.0;3.0;17.8;1.0;1;749.0;86.0;1;0;0;12.0;0.0;6.0;25.3;€477.23m;3
20;2022-11-12;15:00;Serie A;Matchweek 15;Sat;Home;W;3.0;2.0;Udinese;1.5;0.7;63.0;51000.0;Giovanni Di Lorenzo;4-3-3;Giovanni Ayroldi;Match Report;;Napoli;2022-11-1215:00Serie AMatchweek 15HomeWUdineseNapoli;15.0;5.0;16.1;0.0;0;685.0;85.1;2;0;0;12.0;0.0;8.0;25.3;€477.23m;4
21;2023-01-04;20:45;Serie A;Matchweek 16;Wed;Away;L;0.0;1.0;Inter;0.9;1.4;64.0;;Giovanni Di Lorenzo;4-3-3;Simone Sozza;Match Report;;Napoli;2023-01-0420:45Serie AMatchweek 16AwayLInterNapoli;9.0;2.0;13.1;0.0;0;663.0;85.1;2;0;0;7.0;2.0;11.0;25.3;€477.23m;53
22;2023-01-08;18:00;Serie A;Matchweek 17;Sun;Away;W;2.0;0.0;Sampdoria;3.2;0.6;66.0;;Giovanni Di Lorenzo;4-3-3;Rosario Abisso;Match Report;;Napoli;2023-01-0818:00Serie AMatchweek 17AwayWSampdoriaNapoli;22.0;6.0;18.4;0.0;1;699.0;89.7;2;0;0;12.0;4.0;4.0;25.3;€477.23m;4
23;2023-01-13;20:45;Serie A;Matchweek 18;Fri;Home;W;5.0;1.0;Juventus;2.1;1.2;60.0;;Giovanni Di Lorenzo;4-3-3;Daniele Doveri;Match Report;;Napoli;2023-01-1320:45Serie AMatchweek 18HomeWJuventusNapoli;14.0;10.0;14.6;0.0;0;603.0;87.4;0;0;0;10.0;1.0;8.0;25.3;€477.23m;5
0;2022-08-14;20:45;Serie A;Matchweek 1;Sun;Away;W;1.0;0.0;Salernitana;2.4;0.6;49.0;26006.0;Lorenzo Pellegrini;3-4-3;Simone Sozza;Match Report;;Roma;2022-08-1420:45Serie AMatchweek 1AwayWSalernitanaRoma;20.0;4.0;14.7;2.0;0;453.0;81.7;2;0;0;9.0;3.0;9.0;23.8;€381.25m;10
1;2022-08-22;18:30;Serie A;Matchweek 2;Mon;Home;W;1.0;0.0;Cremonese;2.7;0.7;49.0;60859.0;Lorenzo Pellegrini;3-4-3;Luca Massimi;Match Report;;Roma;2022-08-2218:30Serie AMatchweek 2HomeWCremoneseRoma;27.0;11.0;16.4;0.0;0;425.0;77.2;0;0;0;7.0;1.0;6.0;23.8;€381.25m;8
2;2022-08-27;18:30;Serie A;Matchweek 3;Sat;Away;D;1.0;1.0;Juventus;1.3;0.6;43.0;41003.0;Lorenzo Pellegrini;3-4-3;Massimiliano Irrati;Match Report;;Roma;2022-08-2718:30Serie AMatchweek 3AwayDJuventusRoma;8.0;4.0;14.9;0.0;0;425.0;80.5;2;0;0;7.0;1.0;16.0;23.8;€381.25m;5
3;2022-08-30;20:45;Serie A;Matchweek 4;Tue;Home;W;3.0;0.0;Monza;1.8;0.9;40.0;60669.0;Lorenzo Pellegrini;3-4-3;Marco Piccinini;Match Report;;Roma;2022-08-3020:45Serie AMatchweek 4HomeWMonzaRoma;15.0;8.0;14.5;0.0;0;419.0;83.3;0;0;0;10.0;2.0;9.0;23.8;€381.25m;3
4;2022-09-04;20:45;Serie A;Matchweek 5;Sun;Away;L;0.0;4.0;Udinese;0.8;1.2;57.0;24108.0;Lorenzo Pellegrini;3-4-3;Fabio Maresca;Match Report;;Roma;2022-09-0420:45Serie AMatchweek 5AwayLUdineseRoma;12.0;2.0;13.4;0.0;0;556.0;85.4;2;0;0;13.0;2.0;7.0;23.8;€381.25m;5
5;2022-09-08;19:45;Europa Lg;Group stage;Thu;Away;L;1.0;2.0;bg Ludogorets;1.3;1.0;56.0;10011.0;Lorenzo Pellegrini;3-5-2;Craig Pawson;Match Report;;Roma;2022-09-0819:45Europa LgGroup stageAwayLbg LudogoretsRoma;19.0;5.0;15.1;1.0;0;542.0;83.2;0;0;0;7.0;2.0;8.0;23.8;€381.25m;4
6;2022-09-12;20:45;Serie A;Matchweek 6;Mon;Away;W;2.0;1.0;Empoli;3.0;1.1;48.0;4560.0;Lorenzo Pellegrini;3-4-3;Livio Marinelli;Match Report;;Roma;2022-09-1220:45Serie AMatchweek 6AwayWEmpoliRoma;12.0;6.0;14.2;0.0;0;420.0;76.2;1;0;0;12.0;0.0;6.0;23.8;€381.25m;4
7;2022-09-15;21:00;Europa Lg;Group stage;Thu;Home;W;3.0;0.0;fi HJK;2.8;0.4;68.0;60193.0;Lorenzo Pellegrini;3-4-3;Radu Petrescu;Match Report;;Roma;2022-09-1521:00Europa LgGroup stageHomeWfi HJKRoma;29.0;10.0;18.5;3.0;0;655.0;88.1;2;0;0;19.0;0.0;9.0;23.8;€381.25m;3
8;2022-09-18;18:00;Serie A;Matchweek 7;Sun;Home;L;0.0;1.0;Atalanta;2.4;0.2;56.0;61335.0;Lorenzo Pellegrini;3-4-3;Daniele Chiffi;Match Report;;Roma;2022-09-1818:00Serie AMatchweek 7HomeLAtalantaRoma;21.0;5.0;17.7;0.0;0;535.0;82.1;0;0;0;9.0;1.0;18.0;23.8;€381.25m;3
9;2022-10-01;18:00;Serie A;Matchweek 8;Sat;Away;W;2.0;1.0;Inter;1.0;1.0;42.0;75389.0;Lorenzo Pellegrini;3-4-3;Davide Massa;Match Report;;Roma;2022-10-0118:00Serie AMatchweek 8AwayWInterRoma;10.0;3.0;19.8;1.0;0;431.0;83.5;3;0;0;14.0;0.0;11.0;23.8;€381.25m;13
10;2022-10-06;21:00;Europa Lg;Group stage;Thu;Home;L;1.0;2.0;es Betis;1.8;0.6;40.0;62294.0;Gianluca Mancini;3-4-3;Matej Jug;Match Report;;Roma;2022-10-0621:00Europa LgGroup stageHomeLes BetisRoma;12.0;4.0;19.0;2.0;1;438.0;79.5;1;1;0;5.0;2.0;9.0;23.8;€381.25m;5
11;2022-10-09;20:45;Serie A;Matchweek 9;Sun;Home;W;2.0;1.0;Lecce;3.2;0.3;66.0;64018.0;Lorenzo Pellegrini;3-4-3;Alessandro Prontera;Match Report;;Roma;2022-10-0920:45Serie AMatchweek 9HomeWLecceRoma;19.0;5.0;16.5;0.0;1;592.0;85.8;2;0;0;12.0;1.0;8.0;23.8;€381.25m;3
12;2022-10-13;18:45;Europa Lg;Group stage;Thu;Away;D;1.0;1.0;es Betis;1.1;0.4;52.0;52472.0;Lorenzo Pellegrini;5-3-2;Anastasios Sidiropoulos;Match Report;;Roma;2022-10-1318:45Europa LgGroup stageAwayDes BetisRoma;4.0;2.0;16.3;0.0;0;536.0;80.0;3;0;0;8.0;2.0;14.0;23.8;€381.25m;4
13;2022-10-17;18:30;Serie A;Matchweek 10;Mon;Away;W;1.0;0.0;Sampdoria;1.8;0.2;41.0;20803.0;Lorenzo Pellegrini;3-4-1-2;Marco Di Bello;Match Report;;Roma;2022-10-1718:30Serie AMatchweek 10AwayWSampdoriaRoma;6.0;3.0;15.1;0.0;1;345.0;70.4;3;0;0;20.0;3.0;15.0;23.8;€381.25m;4
14;2022-10-23;20:45;Serie A;Matchweek 11;Sun;Home;L;0.0;1.0;Napoli;0.3;0.9;40.0;61633.0;Lorenzo Pellegrini;3-5-2;Massimiliano Irrati;Match Report;;Roma;2022-10-2320:45Serie AMatchweek 11HomeLNapoliRoma;6.0;0.0;21.4;0.0;0;390.0;74.1;3;0;0;14.0;3.0;8.0;23.8;€381.25m;6
15;2022-10-27;22:00;Europa Lg;Group stage;Thu;Away;W;2.0;1.0;fi HJK;1.8;0.5;48.0;9751.0;Lorenzo Pellegrini;3-4-3;Tiago Martins;Match Report;;Roma;2022-10-2722:00Europa LgGroup stageAwayWfi HJKRoma;18.0;4.0;16.2;0.0;0;499.0;80.6;3;0;0;10.0;2.0;8.0;23.8;€381.25m;4
16;2022-10-31;18:30;Serie A;Matchweek 12;Mon;Away;W;3.0;1.0;Hellas Verona;3.1;0.3;67.0;24000.0;Lorenzo Pellegrini;3-5-2;Juan Sacchi;Match Report;;Roma;2022-10-3118:30Serie AMatchweek 12AwayWHellas VeronaRoma;14.0;6.0;14.7;1.0;0;591.0;84.4;1;0;0;9.0;0.0;8.0;23.8;€381.25m;4
17;2022-11-03;21:00;Europa Lg;Group stage;Thu;Home;W;3.0;1.0;bg Ludogorets;3.2;0.5;52.0;60807.0;Lorenzo Pellegrini;3-5-2;Nikola Dabanović;Match Report;;Roma;2022-11-0321:00Europa LgGroup stageHomeWbg LudogoretsRoma;18.0;7.0;20.6;1.0;2;431.0;80.0;3;0;0;19.0;1.0;11.0;23.8;€381.25m;3
18;2022-11-06;18:00;Serie A;Matchweek 13;Sun;Home;L;0.0;1.0;Lazio;0.5;0.6;59.0;62847.0;Lorenzo Pellegrini;3-4-3;Daniele Orsato;Match Report;;Roma;2022-11-0618:00Serie AMatchweek 13HomeLLazioRoma;8.0;2.0;16.2;0.0;0;615.0;81.0;2;0;0;18.0;3.0;9.0;23.8;€381.25m;3
19;2022-11-09;18:30;Serie A;Matchweek 14;Wed;Away;D;1.0;1.0;Sassuolo;0.7;1.2;54.0;16665.0;Gianluca Mancini;3-4-3;Giovanni Ayroldi;Match Report;;Roma;2022-11-0918:30Serie AMatchweek 14AwayDSassuoloRoma;11.0;4.0;16.2;0.0;0;517.0;83.9;3;0;0;13.0;6.0;11.0;23.8;€381.25m;3
20;2022-11-13;15:00;Serie A;Matchweek 15;Sun;Home;D;1.0;1.0;Torino;1.7;0.9;48.0;61168.0;Gianluca Mancini;3-4-3;Antonio Rapuano;Match Report;;Roma;2022-11-1315:00Serie AMatchweek 15HomeDTorinoRoma;12.0;4.0;19.5;0.0;0;490.0;74.7;3;0;0;13.0;0.0;15.0;23.8;€381.25m;4
21;2023-01-04;16:30;Serie A;Matchweek 16;Wed;Home;W;1.0;0.0;Bologna;1.5;0.7;39.0;62092.0;Lorenzo Pellegrini;3-4-1-2;Alberto Santoro;Match Report;;Roma;2023-01-0416:30Serie AMatchweek 16HomeWBolognaRoma;13.0;3.0;19.8;0.0;1;411.0;77.4;2;0;0;10.0;1.0;10.0;23.8;€381.25m;52
22;2023-01-08;20:45;Serie A;Matchweek 17;Sun;Away;D;2.0;2.0;Milan;1.2;0.9;40.0;;Lorenzo Pellegrini;3-4-3;Davide Massa;Match Report;;Roma;2023-01-0820:45Serie AMatchweek 17AwayDMilanRoma;12.0;3.0;22.1;0.0;0;355.0;78.0;6;0;0;13.0;1.0;9.0;23.8;€381.25m;4
23;2023-01-12;21:00;Coppa Italia;Round of 16;Thu;Home;W;1.0;0.0;Genoa;;;51.0;;Lorenzo Pellegrini;3-4-1-2;Ermanno Feliciani;Match Report;;Roma;2023-01-1221:00Coppa ItaliaRound of 16HomeWGenoaRoma;25.0;5.0;;;0;;;2;0;0;4.0;2.0;12.0;23.8;€381.25m;4
0;2022-08-07;21:00;Coppa Italia;First round;Sun;Home;L;0.0;2.0;Parma;;;52.0;10205.0;Franck Ribéry;3-5-2;Ivan Pezzuto;Match Report;;Salernitana;2022-08-0721:00Coppa ItaliaFirst roundHomeLParmaSalernitana;20.0;5.0;;;0;;;1;0;0;10.0;1.0;9.0;25.9;€70.56m;10
1;2022-08-14;20:45;Serie A;Matchweek 1;Sun;Home;L;0.0;1.0;Roma;0.6;2.4;51.0;26006.0;Federico Fazio;3-5-2;Simone Sozza;Match Report;;Salernitana;2022-08-1420:45Serie AMatchweek 1HomeLRomaSalernitana;13.0;2.0;22.4;2.0;0;480.0;82.7;3;0;0;18.0;1.0;9.0;25.9;€70.56m;7
2;2022-08-20;18:30;Serie A;Matchweek 2;Sat;Away;D;0.0;0.0;Udinese;1.5;1.1;52.0;17054.0;Federico Fazio;3-5-2;Gianluca Aureliano;Match Report;;Salernitana;2022-08-2018:30Serie AMatchweek 2AwayDUdineseSalernitana;17.0;6.0;18.2;0.0;0;465.0;78.9;4;0;0;12.0;1.0;14.0;25.9;€70.56m;6
3;2022-08-28;18:30;Serie A;Matchweek 3;Sun;Home;W;4.0;0.0;Sampdoria;1.7;1.8;45.0;19116.0;Federico Fazio;3-5-2;Davide Massa;Match Report;;Salernitana;2022-08-2818:30Serie AMatchweek 3HomeWSampdoriaSalernitana;9.0;6.0;14.9;1.0;0;422.0;77.5;2;0;0;19.0;1.0;11.0;25.9;€70.56m;8
4;2022-09-01;20:45;Serie A;Matchweek 4;Thu;Away;D;1.0;1.0;Bologna;1.4;1.8;53.0;19787.0;Federico Fazio;3-5-2;Davide Ghersini;Match Report;;Salernitana;2022-09-0120:45Serie AMatchweek 4AwayDBolognaSalernitana;20.0;4.0;17.5;0.0;0;472.0;73.7;2;0;0;11.0;0.0;7.0;25.9;€70.56m;4
5;2022-09-05;18:30;Serie A;Matchweek 5;Mon;Home;D;2.0;2.0;Empoli;1.3;0.9;51.0;18173.0;Federico Fazio;3-5-2;Rosario Abisso;Match Report;;Salernitana;2022-09-0518:30Serie AMatchweek 5HomeDEmpoliSalernitana;15.0;4.0;19.1;0.0;0;470.0;78.5;3;0;0;7.0;4.0;11.0;25.9;€70.56m;4
6;2022-09-11;20:45;Serie A;Matchweek 6;Sun;Away;D;2.0;2.0;Juventus;1.6;1.9;39.0;35097.0;Federico Fazio;3-5-2;Matteo Marcenaro;Match Report;;Salernitana;2022-09-1120:45Serie AMatchweek 6AwayDJuventusSalernitana;10.0;4.0;23.6;0.0;1;405.0;74.8;4;1;0;15.0;2.0;10.0;25.9;€70.56m;6
7;2022-09-16;20:45;Serie A;Matchweek 7;Fri;Home;L;1.0;2.0;Lecce;1.2;1.5;58.0;19488.0;Pasquale Mazzocchi;3-5-2;Daniele Doveri;Match Report;;Salernitana;2022-09-1620:45Serie AMatchweek 7HomeLLecceSalernitana;8.0;4.0;12.6;0.0;0;553.0;82.6;1;0;0;9.0;6.0;8.0;25.9;€70.56m;5
8;2022-10-02;15:00;Serie A;Matchweek 8;Sun;Away;L;0.0;5.0;Sassuolo;0.5;3.2;56.0;15786.0;Pasquale Mazzocchi;3-5-2;Maria Sole Ferrieri Caputi;Match Report;;Salernitana;2022-10-0215:00Serie AMatchweek 8AwayLSassuoloSalernitana;6.0;1.0;21.0;0.0;0;589.0;82.5;1;0;0;8.0;3.0;5.0;25.9;€70.56m;16
9;2022-10-09;15:00;Serie A;Matchweek 9;Sun;Home;W;2.0;1.0;Hellas Verona;1.1;0.9;40.0;15922.0;Ivan Radovanović;3-5-2;Davide Ghersini;Match Report;;Salernitana;2022-10-0915:00Serie AMatchweek 9HomeWHellas VeronaSalernitana;14.0;4.0;21.7;1.0;0;348.0;70.7;2;1;0;9.0;1.0;5.0;25.9;€70.56m;7
10;2022-10-16;12:30;Serie A;Matchweek 10;Sun;Away;L;0.0;2.0;Inter;0.4;1.7;39.0;75452.0;Pasquale Mazzocchi;5-3-2;Juan Sacchi;Match Report;;Salernitana;2022-10-1612:30Serie AMatchweek 10AwayLInterSalernitana;8.0;3.0;22.8;1.0;0;372.0;77.7;1;0;0;14.0;4.0;7.0;25.9;€70.56m;7
11;2022-10-22;15:00;Serie A;Matchweek 11;Sat;Home;W;1.0;0.0;Spezia;1.6;0.9;44.0;17260.0;Federico Fazio;3-5-2;Daniele Chiffi;Match Report;;Salernitana;2022-10-2215:00Serie AMatchweek 11HomeWSpeziaSalernitana;17.0;4.0;17.7;0.0;0;363.0;75.5;2;0;0;9.0;1.0;10.0;25.9;€70.56m;6
12;2022-10-30;18:00;Serie A;Matchweek 12;Sun;Away;W;3.0;1.0;Lazio;1.5;1.9;39.0;40000.0;Federico Fazio;3-5-2;Gianluca Manganiello;Match Report;;Salernitana;2022-10-3018:00Serie AMatchweek 12AwayWLazioSalernitana;10.0;6.0;19.0;0.0;0;453.0;79.5;3;0;0;7.0;4.0;5.0;25.9;€70.56m;8
13;2022-11-05;15:00;Serie A;Matchweek 13;Sat;Home;D;2.0;2.0;Cremonese;1.3;1.7;51.0;16780.0;Federico Fazio;3-5-2;Matteo Marchetti;Match Report;;Salernitana;2022-11-0515:00Serie AMatchweek 13HomeDCremoneseSalernitana;10.0;2.0;20.9;0.0;0;465.0;79.8;2;0;0;14.0;0.0;5.0;25.9;€70.56m;6
14;2022-11-09;20:45;Serie A;Matchweek 14;Wed;Away;L;1.0;2.0;Fiorentina;0.5;2.8;42.0;27329.0;Pasquale Mazzocchi;3-5-2;Federico La Penna;Match Report;;Salernitana;2022-11-0920:45Serie AMatchweek 14AwayLFiorentinaSalernitana;4.0;1.0;15.0;0.0;0;438.0;74.9;1;0;0;11.0;3.0;10.0;25.9;€70.56m;4
15;2022-11-13;15:00;Serie A;Matchweek 15;Sun;Away;L;0.0;3.0;Monza;0.2;2.4;43.0;12372.0;Pasquale Mazzocchi;3-5-2;Antonio Giua;Match Report;;Salernitana;2022-11-1315:00Serie AMatchweek 15AwayLMonzaSalernitana;5.0;0.0;19.3;1.0;0;455.0;82.2;2;1;1;11.0;1.0;6.0;25.9;€70.56m;4
16;2023-01-04;12:30;Serie A;Matchweek 16;Wed;Home;L;1.0;2.0;Milan;0.7;2.7;44.0;;Federico Fazio;3-5-2;Francesco Fourneau;Match Report;;Salernitana;2023-01-0412:30Serie AMatchweek 16HomeLMilanSalernitana;8.0;1.0;15.9;0.0;0;354.0;74.0;4;0;0;21.0;1.0;8.0;25.9;€70.56m;52
17;2023-01-08;12:30;Serie A;Matchweek 17;Sun;Home;D;1.0;1.0;Torino;0.8;2.2;38.0;;Federico Fazio;3-1-4-2;Andrea Colombo;Match Report;;Salernitana;2023-01-0812:30Serie AMatchweek 17HomeDTorinoSalernitana;11.0;4.0;18.4;0.0;0;349.0;67.0;2;0;0;10.0;1.0;8.0;25.9;€70.56m;4
0;2022-08-05;21:15;Coppa Italia;First round;Fri;Home;W;1;0;US Reggina;;;51.0;14893.0;Bartosz Bereszyński;4-1-4-1;Maria Sole Ferrieri Caputi;Match Report;;Sampdoria;2022-08-0521:15Coppa ItaliaFirst roundHomeWUS RegginaSampdoria;10.0;3.0;;;1;;;0;0;0;16.0;2.0;10.0;26.2;€128.55m;10
1;2022-08-13;18:30;Serie A;Matchweek 1;Sat;Home;L;0;2;Atalanta;1.0;2.2;55.0;20047.0;Bartosz Bereszyński;4-1-4-1;Federico Dionisi;Match Report;;Sampdoria;2022-08-1318:30Serie AMatchweek 1HomeLAtalantaSampdoria;11.0;1.0;20.7;2.0;0;452.0;76.3;4;0;0;13.0;1.0;11.0;26.2;€128.55m;8
2;2022-08-22;20:45;Serie A;Matchweek 2;Mon;Home;D;0;0;Juventus;0.9;0.8;48.0;27573.0;Bartosz Bereszyński;4-1-4-1;Rosario Abisso;Match Report;;Sampdoria;2022-08-2220:45Serie AMatchweek 2HomeDJuventusSampdoria;10.0;1.0;20.2;2.0;0;393.0;81.2;3;0;0;8.0;1.0;7.0;26.2;€128.55m;9
3;2022-08-28;18:30;Serie A;Matchweek 3;Sun;Away;L;0;4;Salernitana;1.8;1.7;55.0;19116.0;Omar Colley;4-1-4-1;Davide Massa;Match Report;;Sampdoria;2022-08-2818:30Serie AMatchweek 3AwayLSalernitanaSampdoria;17.0;6.0;12.8;0.0;0;495.0;82.6;2;0;0;14.0;4.0;6.0;26.2;€128.55m;6
4;2022-08-31;18:30;Serie A;Matchweek 4;Wed;Home;D;1;1;Lazio;0.8;1.5;44.0;18499.0;Fabio Quagliarella;4-1-4-1;Gianluca Aureliano;Match Report;;Sampdoria;2022-08-3118:30Serie AMatchweek 4HomeDLazioSampdoria;10.0;3.0;18.9;0.0;0;480.0;83.1;0;0;0;11.0;2.0;8.0;26.2;€128.55m;3
5;2022-09-04;18:00;Serie A;Matchweek 5;Sun;Away;L;1;2;Hellas Verona;0.8;2.5;51.0;16675.0;Fabio Quagliarella;4-3-1-2;Paolo Valeri;Match Report;;Sampdoria;2022-09-0418:00Serie AMatchweek 5AwayLHellas VeronaSampdoria;11.0;3.0;16.8;0.0;0;380.0;65.5;2;0;0;11.0;2.0;12.0;26.2;€128.55m;4
6;2022-09-10;20:45;Serie A;Matchweek 6;Sat;Home;L;1;2;Milan;0.7;1.7;57.0;23049.0;Bartosz Bereszyński;4-1-4-1;Michael Fabbri;Match Report;;Sampdoria;2022-09-1020:45Serie AMatchweek 6HomeLMilanSampdoria;10.0;4.0;14.3;0.0;0;506.0;84.4;5;0;0;12.0;0.0;3.0;26.2;€128.55m;6
7;2022-09-17;18:00;Serie A;Matchweek 7;Sat;Away;L;1;2;Spezia;0.9;0.7;48.0;10000.0;Bartosz Bereszyński;4-1-4-1;Simone Sozza;Match Report;;Sampdoria;2022-09-1718:00Serie AMatchweek 7AwayLSpeziaSampdoria;11.0;8.0;22.0;1.0;0;387.0;69.5;5;0;0;14.0;1.0;14.0;26.2;€128.55m;7
8;2022-10-02;15:00;Serie A;Matchweek 8;Sun;Home;L;0;3;Monza;0.1;1.4;50.0;19806.0;Bartosz Bereszyński;4-1-4-1;Giovanni Ayroldi;Match Report;;Sampdoria;2022-10-0215:00Serie AMatchweek 8HomeLMonzaSampdoria;3.0;1.0;26.3;0.0;0;423.0;71.4;2;0;0;16.0;3.0;6.0;26.2;€128.55m;15
9;2022-10-08;20:45;Serie A;Matchweek 9;Sat;Away;D;1;1;Bologna;0.6;0.8;49.0;20871.0;Bartosz Bereszyński;4-1-4-1;Marco Piccinini;Match Report;;Sampdoria;2022-10-0820:45Serie AMatchweek 9AwayDBolognaSampdoria;9.0;3.0;20.0;0.0;0;409.0;68.5;3;0;0;21.0;1.0;4.0;26.2;€128.55m;6
10;2022-10-17;18:30;Serie A;Matchweek 10;Mon;Home;L;0;1;Roma;0.2;1.8;59.0;20803.0;Bartosz Bereszyński;4-4-2;Marco Di Bello;Match Report;;Sampdoria;2022-10-1718:30Serie AMatchweek 10HomeLRomaSampdoria;8.0;1.0;23.6;1.0;0;491.0;75.8;4;0;0;20.0;0.0;11.0;26.2;€128.55m;9
11;2022-10-20;18:00;Coppa Italia;Second round;Thu;Home;D;2 (9);2 (8);Ascoli;;;66.0;4738.0;Fabio Quagliarella;4-4-2◆;Luca Zufferli;Match Report;Sampdoria won on penalty kicks following extra time;Sampdoria;2022-10-2018:00Coppa ItaliaSecond roundHomeDAscoliSampdoria;15.0;5.0;;;0;;;3;0;0;25.0;5.0;11.0;26.2;€128.55m;3
12;2022-10-24;18:30;Serie A;Matchweek 11;Mon;Away;W;1;0;Cremonese;1.3;2.0;48.0;13021.0;Bartosz Bereszyński;4-2-3-1;Fabio Maresca;Match Report;;Sampdoria;2022-10-2418:30Serie AMatchweek 11AwayWCremoneseSampdoria;8.0;4.0;19.2;2.0;0;407.0;72.2;4;0;0;15.0;2.0;13.0;26.2;€128.55m;4
13;2022-10-29;20:45;Serie A;Matchweek 12;Sat;Away;L;0;3;Inter;0.5;2.0;49.0;73311.0;Bartosz Bereszyński;4-4-1-1;Luca Massimi;Match Report;;Sampdoria;2022-10-2920:45Serie AMatchweek 12AwayLInterSampdoria;9.0;2.0;19.2;0.0;0;469.0;77.4;6;0;0;13.0;0.0;13.0;26.2;€128.55m;5
14;2022-11-06;15:00;Serie A;Matchweek 13;Sun;Home;L;0;2;Fiorentina;0.8;0.9;49.0;19226.0;Bartosz Bereszyński;5-3-2;Livio Marinelli;Match Report;;Sampdoria;2022-11-0615:00Serie AMatchweek 13HomeLFiorentinaSampdoria;14.0;2.0;19.1;0.0;0;465.0;75.7;1;0;0;10.0;2.0;8.0;26.2;€128.55m;8
15;2022-11-09;20:45;Serie A;Matchweek 14;Wed;Away;L;0;2;Torino;0.5;0.5;49.0;15593.0;Bartosz Bereszyński;3-5-2;Davide Massa;Match Report;;Sampdoria;2022-11-0920:45Serie AMatchweek 14AwayLTorinoSampdoria;11.0;1.0;20.5;0.0;0;461.0;73.1;3;0;0;21.0;4.0;12.0;26.2;€128.55m;3
16;2022-11-12;18:00;Serie A;Matchweek 15;Sat;Home;L;0;2;Lecce;0.7;0.6;57.0;20211.0;Bartosz Bereszyński;3-4-1-2;Daniele Doveri;Match Report;;Sampdoria;2022-11-1218:00Serie AMatchweek 15HomeLLecceSampdoria;11.0;2.0;18.8;0.0;0;453.0;63.4;2;0;0;14.0;6.0;8.0;26.2;€128.55m;3
17;2023-01-04;12:30;Serie A;Matchweek 16;Wed;Away;W;2;1;Sassuolo;1.3;1.8;33.0;;Emil Audero;3-4-1-2;Fabio Maresca;Match Report;;Sampdoria;2023-01-0412:30Serie AMatchweek 16AwayWSassuoloSampdoria;9.0;4.0;13.5;0.0;0;285.0;69.8;3;0;0;19.0;6.0;14.0;26.2;€128.55m;53
18;2023-01-08;18:00;Serie A;Matchweek 17;Sun;Home;L;0;2;Napoli;0.6;3.2;34.0;;Emil Audero;3-4-1-2;Rosario Abisso;Match Report;;Sampdoria;2023-01-0818:00Serie AMatchweek 17HomeLNapoliSampdoria;9.0;2.0;20.5;0.0;0;322.0;73.3;3;1;0;15.0;0.0;7.0;26.2;€128.55m;4
19;2023-01-12;18:00;Coppa Italia;Round of 16;Thu;Away;L;0;1;Fiorentina;;;43.0;;Omar Colley;4-2-3-1;Daniele Paterna;Match Report;;Sampdoria;2023-01-1218:00Coppa ItaliaRound of 16AwayLFiorentinaSampdoria;4.0;0.0;;;0;;;5;1;1;19.0;3.0;5.0;26.2;€128.55m;4
0;2022-08-08;18:00;Coppa Italia;First round;Mon;Away;L;2.0;3.0;Modena;;;65.0;7274.0;Gian Marco Ferrari;4-3-3;Gianluca Aureliano;Match Report;;Sassuolo;2022-08-0818:00Coppa ItaliaFirst roundAwayLModenaSassuolo;14.0;2.0;;;1;;;0;0;0;9.0;1.0;14.0;25.0;€251.00m;10
1;2022-08-15;20:45;Serie A;Matchweek 1;Mon;Away;L;0.0;3.0;Juventus;0.9;2.0;58.0;38725.0;Gian Marco Ferrari;4-3-3;Antonio Rapuano;Match Report;;Sassuolo;2022-08-1520:45Serie AMatchweek 1AwayLJuventusSassuolo;19.0;7.0;23.5;0.0;0;571.0;87.9;3;0;0;5.0;2.0;7.0;25.0;€251.00m;7
2;2022-08-20;20:45;Serie A;Matchweek 2;Sat;Home;W;1.0;0.0;Lecce;0.6;0.5;59.0;9219.0;Gian Marco Ferrari;4-3-3;Andrea Colombo;Match Report;;Sassuolo;2022-08-2020:45Serie AMatchweek 2HomeWLecceSassuolo;12.0;3.0;20.7;2.0;0;559.0;84.8;5;0;0;14.0;0.0;8.0;25.0;€251.00m;5
3;2022-08-27;20:45;Serie A;Matchweek 3;Sat;Away;D;2.0;2.0;Spezia;2.8;1.2;57.0;6500.0;Gian Marco Ferrari;4-3-3;Francesco Cosso;Match Report;;Sassuolo;2022-08-2720:45Serie AMatchweek 3AwayDSpeziaSassuolo;21.0;8.0;13.2;0.0;0;594.0;82.3;1;0;0;10.0;1.0;9.0;25.0;€251.00m;7
4;2022-08-30;18:30;Serie A;Matchweek 4;Tue;Home;D;0.0;0.0;Milan;1.1;0.7;38.0;18053.0;Gian Marco Ferrari;4-3-3;Giovanni Ayroldi;Match Report;;Sassuolo;2022-08-3018:30Serie AMatchweek 4HomeDMilanSassuolo;7.0;2.0;21.2;0.0;0;309.0;70.2;5;0;0;14.0;3.0;5.0;25.0;€251.00m;3
5;2022-09-04;12:30;Serie A;Matchweek 5;Sun;Away;D;0.0;0.0;Cremonese;1.5;0.4;54.0;9105.0;Gian Marco Ferrari;4-3-3;Luca Pairetto;Match Report;;Sassuolo;2022-09-0412:30Serie AMatchweek 5AwayDCremoneseSassuolo;17.0;7.0;15.2;2.0;0;508.0;80.3;1;0;0;6.0;2.0;7.0;25.0;€251.00m;5
6;2022-09-11;15:00;Serie A;Matchweek 6;Sun;Home;L;1.0;3.0;Udinese;0.5;2.1;33.0;8694.0;Gian Marco Ferrari;4-3-3;Giacomo Camplone;Match Report;;Sassuolo;2022-09-1115:00Serie AMatchweek 6HomeLUdineseSassuolo;5.0;2.0;17.5;1.0;0;295.0;67.5;1;1;0;7.0;0.0;5.0;25.0;€251.00m;7
7;2022-09-17;20:45;Serie A;Matchweek 7;Sat;Away;W;1.0;0.0;Torino;0.4;0.7;43.0;14822.0;Gian Marco Ferrari;4-3-3;Niccolò Baroni;Match Report;;Sassuolo;2022-09-1720:45Serie AMatchweek 7AwayWTorinoSassuolo;10.0;5.0;19.9;1.0;0;421.0;75.8;1;0;0;7.0;0.0;8.0;25.0;€251.00m;6
8;2022-10-02;15:00;Serie A;Matchweek 8;Sun;Home;W;5.0;0.0;Salernitana;3.2;0.5;44.0;15786.0;Gian Marco Ferrari;4-3-3;Maria Sole Ferrieri Caputi;Match Report;;Sassuolo;2022-10-0215:00Serie AMatchweek 8HomeWSalernitanaSassuolo;16.0;10.0;18.0;0.0;1;459.0;84.7;1;0;0;10.0;1.0;9.0;25.0;€251.00m;15
9;2022-10-08;15:00;Serie A;Matchweek 9;Sat;Home;L;1.0;2.0;Inter;1.2;2.3;52.0;17574.0;Gian Marco Ferrari;4-3-3;Simone Sozza;Match Report;;Sassuolo;2022-10-0815:00Serie AMatchweek 9HomeLInterSassuolo;15.0;3.0;14.5;0.0;0;537.0;84.2;3;0;0;14.0;0.0;6.0;25.0;€251.00m;6
10;2022-10-15;20:45;Serie A;Matchweek 10;Sat;Away;L;1.0;2.0;Atalanta;0.8;2.5;52.0;17772.0;Gian Marco Ferrari;4-3-3;Matteo Marcenaro;Match Report;;Sassuolo;2022-10-1520:45Serie AMatchweek 10AwayLAtalantaSassuolo;11.0;3.0;16.8;0.0;0;570.0;80.5;4;0;0;8.0;2.0;10.0;25.0;€251.00m;7
11;2022-10-24;20:45;Serie A;Matchweek 11;Mon;Home;W;2.0;1.0;Hellas Verona;1.5;1.4;51.0;11368.0;Andrea Consigli;4-3-3;Alberto Santoro;Match Report;;Sassuolo;2022-10-2420:45Serie AMatchweek 11HomeWHellas VeronaSassuolo;14.0;3.0;15.3;1.0;0;442.0;76.7;1;0;0;7.0;2.0;10.0;25.0;€251.00m;9
12;2022-10-29;15:00;Serie A;Matchweek 12;Sat;Away;L;0.0;4.0;Napoli;1.0;2.1;33.0;45000.0;Gian Marco Ferrari;4-3-3;Antonio Rapuano;Match Report;;Sassuolo;2022-10-2915:00Serie AMatchweek 12AwayLNapoliSassuolo;10.0;6.0;19.9;0.0;0;358.0;79.1;3;1;1;6.0;0.0;8.0;25.0;€251.00m;5
13;2022-11-05;15:00;Serie A;Matchweek 13;Sat;Away;L;0.0;1.0;Empoli;0.6;1.2;53.0;7834.0;Gian Marco Ferrari;4-3-3;Ermanno Feliciani;Match Report;;Sassuolo;2022-11-0515:00Serie AMatchweek 13AwayLEmpoliSassuolo;10.0;3.0;19.2;1.0;0;524.0;82.3;0;0;0;11.0;0.0;2.0;25.0;€251.00m;7
14;2022-11-09;18:30;Serie A;Matchweek 14;Wed;Home;D;1.0;1.0;Roma;1.2;0.7;46.0;16665.0;Gian Marco Ferrari;4-3-3;Giovanni Ayroldi;Match Report;;Sassuolo;2022-11-0918:30Serie AMatchweek 14HomeDRomaSassuolo;15.0;7.0;21.1;0.0;0;443.0;81.9;5;0;0;14.0;0.0;5.0;25.0;€251.00m;4
15;2022-11-12;20:45;Serie A;Matchweek 15;Sat;Away;L;0.0;3.0;Bologna;0.8;0.8;49.0;20811.0;Gian Marco Ferrari;4-3-3;Ivan Pezzuto;Match Report;;Sassuolo;2022-11-1220:45Serie AMatchweek 15AwayLBolognaSassuolo;9.0;3.0;18.3;1.0;0;511.0;80.8;0;0;0;6.0;1.0;9.0;25.0;€251.00m;3
16;2023-01-04;12:30;Serie A;Matchweek 16;Wed;Home;L;1.0;2.0;Sampdoria;1.8;1.3;67.0;;Gian Marco Ferrari;4-3-3;Fabio Maresca;Match Report;;Sassuolo;2023-01-0412:30Serie AMatchweek 16HomeLSampdoriaSassuolo;15.0;3.0;20.1;0.0;1;604.0;81.6;2;0;0;16.0;1.0;4.0;25.0;€251.00m;53
17;2023-01-07;15:00;Serie A;Matchweek 17;Sat;Away;L;1.0;2.0;Fiorentina;1.6;2.2;47.0;;Gian Marco Ferrari;4-3-3;Gianluca Manganiello;Match Report;;Sassuolo;2023-01-0715:00Serie AMatchweek 17AwayLFiorentinaSassuolo;15.0;3.0;20.4;1.0;1;402.0;73.9;3;0;0;9.0;1.0;7.0;25.0;€251.00m;3
0;2022-08-06;18:00;Coppa Italia;First round;Sat;Home;W;5.0;1.0;Como;;;56.0;5826.0;Emmanuel Gyasi;3-5-2;Francesco Meraviglia;Match Report;;Spezia;2022-08-0618:00Coppa ItaliaFirst roundHomeWComoSpezia;15.0;9.0;;;2;;;1;0;0;12.0;0.0;10.0;23.6;€78.50m;10
1;2022-08-14;20:45;Serie A;Matchweek 1;Sun;Home;W;1.0;0.0;Empoli;0.5;0.7;41.0;8360.0;Emmanuel Gyasi;3-5-2;Daniele Chiffi;Match Report;;Spezia;2022-08-1420:45Serie AMatchweek 1HomeWEmpoliSpezia;9.0;2.0;20.1;0.0;0;400.0;73.0;2;0;0;15.0;3.0;17.0;23.6;€78.50m;8
2;2022-08-20;20:45;Serie A;Matchweek 2;Sat;Away;L;0.0;3.0;Inter;0.5;2.1;46.0;71212.0;Emmanuel Gyasi;3-5-2;Davide Ghersini;Match Report;;Spezia;2022-08-2020:45Serie AMatchweek 2AwayLInterSpezia;2.0;0.0;7.7;0.0;0;466.0;83.3;0;0;0;7.0;1.0;7.0;23.6;€78.50m;6
3;2022-08-27;20:45;Serie A;Matchweek 3;Sat;Home;D;2.0;2.0;Sassuolo;1.2;2.8;43.0;6500.0;Emmanuel Gyasi;3-5-2;Francesco Cosso;Match Report;;Spezia;2022-08-2720:45Serie AMatchweek 3HomeDSassuoloSpezia;6.0;1.0;17.7;0.0;1;440.0;75.0;2;1;1;17.0;3.0;5.0;23.6;€78.50m;7
4;2022-08-31;20:45;Serie A;Matchweek 4;Wed;Away;L;0.0;2.0;Juventus;0.2;0.9;50.0;35709.0;Emmanuel Gyasi;3-5-2;Andrea Colombo;Match Report;;Spezia;2022-08-3120:45Serie AMatchweek 4AwayLJuventusSpezia;9.0;0.0;28.8;0.0;0;499.0;79.2;2;0;0;10.0;2.0;6.0;23.6;€78.50m;4
5;2022-09-04;15:00;Serie A;Matchweek 5;Sun;Home;D;2.0;2.0;Bologna;0.9;0.9;45.0;7555.0;Emmanuel Gyasi;3-5-2;Antonio Giua;Match Report;;Spezia;2022-09-0415:00Serie AMatchweek 5HomeDBolognaSpezia;15.0;5.0;18.5;0.0;0;408.0;74.5;4;0;0;12.0;0.0;10.0;23.6;€78.50m;4
6;2022-09-10;15:00;Serie A;Matchweek 6;Sat;Away;L;0.0;1.0;Napoli;0.5;2.2;37.0;32839.0;Emmanuel Gyasi;3-5-2;Alberto Santoro;Match Report;;Spezia;2022-09-1015:00Serie AMatchweek 6AwayLNapoliSpezia;10.0;1.0;17.6;1.0;0;330.0;74.8;2;0;0;14.0;1.0;5.0;23.6;€78.50m;6
7;2022-09-17;18:00;Serie A;Matchweek 7;Sat;Home;W;2.0;1.0;Sampdoria;0.7;0.9;52.0;10000.0;Emmanuel Gyasi;3-5-2;Simone Sozza;Match Report;;Spezia;2022-09-1718:00Serie AMatchweek 7HomeWSampdoriaSpezia;6.0;3.0;14.0;0.0;0;435.0;71.7;4;0;0;17.0;4.0;6.0;23.6;€78.50m;7
8;2022-10-02;12:30;Serie A;Matchweek 8;Sun;Away;L;0.0;4.0;Lazio;1.1;2.3;39.0;41000.0;Emmanuel Gyasi;3-5-2;Juan Sacchi;Match Report;;Spezia;2022-10-0212:30Serie AMatchweek 8AwayLLazioSpezia;14.0;1.0;18.4;0.0;0;402.0;77.6;2;0;0;14.0;6.0;5.0;23.6;€78.50m;15
9;2022-10-09;15:00;Serie A;Matchweek 9;Sun;Away;L;0.0;2.0;Monza;0.5;0.7;53.0;12094.0;Emmanuel Gyasi;3-5-2;Daniele Perenzoni;Match Report;;Spezia;2022-10-0915:00Serie AMatchweek 9AwayLMonzaSpezia;10.0;1.0;16.3;1.0;0;493.0;78.9;2;0;0;20.0;4.0;13.0;23.6;€78.50m;7
10;2022-10-16;15:00;Serie A;Matchweek 10;Sun;Home;D;2.0;2.0;Cremonese;1.5;2.1;54.0;8400.0;Emmanuel Gyasi;4-3-3;Gianluca Manganiello;Match Report;;Spezia;2022-10-1615:00Serie AMatchweek 10HomeDCremoneseSpezia;15.0;6.0;19.6;0.0;0;466.0;68.9;2;0;0;12.0;3.0;15.0;23.6;€78.50m;7
11;2022-10-19;15:00;Coppa Italia;Second round;Wed;Home;W;3.0;1.0;Brescia;;;49.0;2500.0;Salvador Ferrer;4-2-3-1;Federico La Penna;Match Report;;Spezia;2022-10-1915:00Coppa ItaliaSecond roundHomeWBresciaSpezia;10.0;6.0;;;0;;;2;0;0;15.0;1.0;16.0;23.6;€78.50m;3
12;2022-10-22;15:00;Serie A;Matchweek 11;Sat;Away;L;0.0;1.0;Salernitana;0.9;1.6;56.0;17260.0;Emmanuel Gyasi;3-5-2;Daniele Chiffi;Match Report;;Spezia;2022-10-2215:00Serie AMatchweek 11AwayLSalernitanaSpezia;14.0;2.0;19.0;0.0;0;458.0;77.5;4;0;0;8.0;2.0;7.0;23.6;€78.50m;3
13;2022-10-30;15:00;Serie A;Matchweek 12;Sun;Home;L;1.0;2.0;Fiorentina;1.2;2.1;50.0;10500.0;Emmanuel Gyasi;3-5-2;Davide Massa;Match Report;;Spezia;2022-10-3015:00Serie AMatchweek 12HomeLFiorentinaSpezia;10.0;6.0;15.7;0.0;0;363.0;68.0;5;1;0;19.0;2.0;3.0;23.6;€78.50m;8
14;2022-11-05;20:45;Serie A;Matchweek 13;Sat;Away;L;1.0;2.0;Milan;1.6;2.2;42.0;71099.0;Mehdi Bourabia;3-5-2;Michael Fabbri;Match Report;;Spezia;2022-11-0520:45Serie AMatchweek 13AwayLMilanSpezia;13.0;5.0;16.9;1.0;0;339.0;65.2;4;0;0;13.0;0.0;10.0;23.6;€78.50m;6
15;2022-11-08;18:30;Serie A;Matchweek 14;Tue;Home;D;1.0;1.0;Udinese;2.0;0.6;49.0;6900.0;Daniele Verde;3-5-2;Marco Piccinini;Match Report;;Spezia;2022-11-0818:30Serie AMatchweek 14HomeDUdineseSpezia;21.0;6.0;13.9;1.0;0;469.0;72.9;3;0;0;12.0;1.0;5.0;23.6;€78.50m;3
16;2022-11-13;15:00;Serie A;Matchweek 15;Sun;Away;W;2.0;1.0;Hellas Verona;0.8;2.1;55.0;18000.0;Emmanuel Gyasi;3-5-2;Fabio Maresca;Match Report;;Spezia;2022-11-1315:00Serie AMatchweek 15AwayWHellas VeronaSpezia;16.0;9.0;20.8;0.0;0;446.0;65.5;4;0;0;21.0;0.0;6.0;23.6;€78.50m;5
17;2023-01-04;14:30;Serie A;Matchweek 16;Wed;Home;D;2.0;2.0;Atalanta;1.5;2.1;36.0;;Emmanuel Gyasi;3-5-2;Antonio Giua;Match Report;;Spezia;2023-01-0414:30Serie AMatchweek 16HomeDAtalantaSpezia;7.0;3.0;15.5;0.0;0;355.0;65.6;3;0;0;11.0;1.0;12.0;23.6;€78.50m;52
18;2023-01-08;15:00;Serie A;Matchweek 17;Sun;Home;D;0.0;0.0;Lecce;0.9;1.1;57.0;;Emmanuel Gyasi;3-5-2;Daniele Chiffi;Match Report;;Spezia;2023-01-0815:00Serie AMatchweek 17HomeDLecceSpezia;10.0;2.0;14.6;0.0;0;499.0;69.9;0;0;0;14.0;1.0;8.0;23.6;€78.50m;4
0;2022-08-06;21:15;Coppa Italia;First round;Sat;Home;W;3.0;0.0;Palermo;;;68.0;6803.0;Saša Lukić;3-4-3;Davide Ghersini;Match Report;;Torino;2022-08-0621:15Coppa ItaliaFirst roundHomeWPalermoTorino;15.0;4.0;;;0;;;1;0;0;6.0;5.0;9.0;24.8;€223.40m;10
1;2022-08-13;20:45;Serie A;Matchweek 1;Sat;Away;W;2.0;1.0;Monza;2.1;1.4;46.0;10739.0;Ricardo Rodríguez;3-4-3;Maurizio Mariani;Match Report;;Torino;2022-08-1320:45Serie AMatchweek 1AwayWMonzaTorino;13.0;6.0;13.2;0.0;0;416.0;78.4;2;0;0;17.0;5.0;5.0;24.8;€223.40m;7
2;2022-08-20;18:30;Serie A;Matchweek 2;Sat;Home;D;0.0;0.0;Lazio;0.7;0.8;54.0;16530.0;Ricardo Rodríguez;3-4-3;Marco Piccinini;Match Report;;Torino;2022-08-2018:30Serie AMatchweek 2HomeDLazioTorino;10.0;1.0;17.6;0.0;0;527.0;81.8;0;0;0;11.0;4.0;8.0;24.8;€223.40m;7
3;2022-08-27;18:30;Serie A;Matchweek 3;Sat;Away;W;2.0;1.0;Cremonese;1.7;0.8;47.0;11572.0;Ricardo Rodríguez;3-4-3;Paolo Valeri;Match Report;;Torino;2022-08-2718:30Serie AMatchweek 3AwayWCremoneseTorino;14.0;5.0;15.2;0.0;0;386.0;67.4;3;0;0;21.0;0.0;13.0;24.8;€223.40m;7
4;2022-09-01;20:45;Serie A;Matchweek 4;Thu;Away;L;1.0;3.0;Atalanta;0.4;2.9;59.0;17928.0;Ricardo Rodríguez;3-4-3;Marco Di Bello;Match Report;;Torino;2022-09-0120:45Serie AMatchweek 4AwayLAtalantaTorino;8.0;2.0;18.3;0.0;0;563.0;78.9;3;0;0;13.0;3.0;11.0;24.8;€223.40m;5
5;2022-09-05;20:45;Serie A;Matchweek 5;Mon;Home;W;1.0;0.0;Lecce;1.1;0.3;59.0;19087.0;Ricardo Rodríguez;3-4-1-2;Manuel Volpi;Match Report;;Torino;2022-09-0520:45Serie AMatchweek 5HomeWLecceTorino;13.0;4.0;17.0;0.0;0;523.0;80.9;2;0;0;16.0;2.0;13.0;24.8;€223.40m;4
6;2022-09-10;18:00;Serie A;Matchweek 6;Sat;Away;L;0.0;1.0;Inter;0.7;1.5;43.0;69134.0;Ricardo Rodríguez;3-4-3;Giovanni Ayroldi;Match Report;;Torino;2022-09-1018:00Serie AMatchweek 6AwayLInterTorino;9.0;7.0;18.5;1.0;0;412.0;75.0;2;0;0;17.0;1.0;12.0;24.8;€223.40m;5
7;2022-09-17;20:45;Serie A;Matchweek 7;Sat;Home;L;0.0;1.0;Sassuolo;0.7;0.4;57.0;14822.0;Alessandro Buongiorno;3-4-1-2;Niccolò Baroni;Match Report;;Torino;2022-09-1720:45Serie AMatchweek 7HomeLSassuoloTorino;12.0;3.0;19.0;1.0;0;558.0;84.1;4;0;0;13.0;3.0;10.0;24.8;€223.40m;7
8;2022-10-01;15:00;Serie A;Matchweek 8;Sat;Away;L;1.0;3.0;Napoli;1.0;1.6;51.0;35953.0;Ricardo Rodríguez;3-4-3;Luca Massimi;Match Report;;Torino;2022-10-0115:00Serie AMatchweek 8AwayLNapoliTorino;16.0;3.0;16.2;0.0;0;503.0;79.7;2;0;0;17.0;0.0;4.0;24.8;€223.40m;14
9;2022-10-09;12:30;Serie A;Matchweek 9;Sun;Home;D;1.0;1.0;Empoli;2.4;0.2;66.0;16793.0;Ricardo Rodríguez;3-4-3;Francesco Fourneau;Match Report;;Torino;2022-10-0912:30Serie AMatchweek 9HomeDEmpoliTorino;20.0;7.0;13.0;0.0;0;584.0;85.1;2;0;0;15.0;3.0;7.0;24.8;€223.40m;8
10;2022-10-15;18:00;Serie A;Matchweek 10;Sat;Home;L;0.0;1.0;Juventus;0.6;2.1;53.0;22269.0;Ricardo Rodríguez;3-4-3;Maurizio Mariani;Match Report;;Torino;2022-10-1518:00Serie AMatchweek 10HomeLJuventusTorino;15.0;2.0;23.9;0.0;0;518.0;82.0;2;0;0;11.0;0.0;8.0;24.8;€223.40m;6
11;2022-10-18;21:00;Coppa Italia;Second round;Tue;Home;W;4.0;0.0;Cittadella;;;61.0;3297.0;Alessandro Buongiorno;3-4-3;Ivan Pezzuto;Match Report;;Torino;2022-10-1821:00Coppa ItaliaSecond roundHomeWCittadellaTorino;14.0;8.0;;;0;;;0;0;0;13.0;1.0;17.0;24.8;€223.40m;3
12;2022-10-23;12:30;Serie A;Matchweek 11;Sun;Away;W;2.0;1.0;Udinese;1.5;2.0;44.0;20711.0;Alessandro Buongiorno;3-4-3;Matteo Marchetti;Match Report;;Torino;2022-10-2312:30Serie AMatchweek 11AwayWUdineseTorino;13.0;6.0;15.9;0.0;0;378.0;75.7;4;0;0;16.0;0.0;9.0;24.8;€223.40m;5
13;2022-10-30;20:45;Serie A;Matchweek 12;Sun;Home;W;2.0;1.0;Milan;0.6;1.1;44.0;26133.0;Alessandro Buongiorno;3-4-3;Rosario Abisso;Match Report;;Torino;2022-10-3020:45Serie AMatchweek 12HomeWMilanTorino;7.0;4.0;14.0;0.0;0;363.0;71.9;5;0;0;11.0;3.0;6.0;24.8;€223.40m;7
14;2022-11-06;12:30;Serie A;Matchweek 13;Sun;Away;L;1.0;2.0;Bologna;1.0;2.0;44.0;23168.0;Alessandro Buongiorno;3-4-3;Antonio Giua;Match Report;;Torino;2022-11-0612:30Serie AMatchweek 13AwayLBolognaTorino;6.0;1.0;22.9;0.0;1;431.0;72.6;3;0;0;17.0;5.0;11.0;24.8;€223.40m;7
15;2022-11-09;20:45;Serie A;Matchweek 14;Wed;Home;W;2.0;0.0;Sampdoria;0.5;0.5;51.0;15593.0;Ricardo Rodríguez;3-4-3;Davide Massa;Match Report;;Torino;2022-11-0920:45Serie AMatchweek 14HomeWSampdoriaTorino;8.0;5.0;19.2;1.0;0;482.0;75.9;1;0;0;14.0;4.0;12.0;24.8;€223.40m;3
16;2022-11-13;15:00;Serie A;Matchweek 15;Sun;Away;D;1.0;1.0;Roma;0.9;1.7;52.0;61168.0;Alessandro Buongiorno;3-4-3;Antonio Rapuano;Match Report;;Torino;2022-11-1315:00Serie AMatchweek 15AwayDRomaTorino;10.0;2.0;17.8;0.0;0;529.0;79.2;2;0;0;10.0;1.0;12.0;24.8;€223.40m;4
17;2023-01-04;14:30;Serie A;Matchweek 16;Wed;Home;D;1.0;1.0;Hellas Verona;0.4;0.9;67.0;;Ricardo Rodríguez;3-4-3;Federico Dionisi;Match Report;;Torino;2023-01-0414:30Serie AMatchweek 16HomeDHellas VeronaTorino;9.0;3.0;19.0;0.0;0;637.0;77.7;1;0;0;7.0;2.0;4.0;24.8;€223.40m;52
18;2023-01-08;12:30;Serie A;Matchweek 17;Sun;Away;D;1.0;1.0;Salernitana;2.2;0.8;62.0;;Alessandro Buongiorno;3-4-3;Andrea Colombo;Match Report;;Torino;2023-01-0812:30Serie AMatchweek 17AwayDSalernitanaTorino;23.0;8.0;15.0;0.0;0;565.0;78.9;3;0;0;15.0;1.0;3.0;24.8;€223.40m;4
19;2023-01-11;21:00;Coppa Italia;Round of 16;Wed;Away;W;1.0;0.0;Milan;;;42.0;;Ricardo Rodríguez;3-4-3;Antonio Rapuano;Match Report;Required Extra Time;Torino;2023-01-1121:00Coppa ItaliaRound of 16AwayWMilanTorino;11.0;3.0;;;0;;;4;1;1;15.0;0.0;11.0;24.8;€223.40m;3
0;2022-08-05;18:00;Coppa Italia;First round;Fri;Home;W;2.0;1.0;FeralpiSalò;;;62.0;4155.0;Roberto Pereyra;3-5-2;Cosso Cosso;Match Report;;Udinese;2022-08-0518:00Coppa ItaliaFirst roundHomeWFeralpiSalòUdinese;10.0;2.0;;;1;;;1;0;0;15.0;1.0;3.0;25.0;€142.30m;10
1;2022-08-13;18:30;Serie A;Matchweek 1;Sat;Away;L;2.0;4.0;Milan;0.5;2.3;41.0;70197.0;Roberto Pereyra;3-5-2;Livio Marinelli;Match Report;;Udinese;2022-08-1318:30Serie AMatchweek 1AwayLMilanUdinese;9.0;4.0;18.3;0.0;0;379.0;79.9;4;0;0;13.0;1.0;11.0;25.0;€142.30m;8
2;2022-08-20;18:30;Serie A;Matchweek 2;Sat;Home;D;0.0;0.0;Salernitana;1.1;1.5;48.0;17054.0;Roberto Pereyra;3-5-2;Gianluca Aureliano;Match Report;;Udinese;2022-08-2018:30Serie AMatchweek 2HomeDSalernitanaUdinese;15.0;2.0;16.3;1.0;0;422.0;73.9;2;1;0;9.0;0.0;7.0;25.0;€142.30m;7
3;2022-08-26;18:30;Serie A;Matchweek 3;Fri;Away;W;2.0;1.0;Monza;1.7;1.5;44.0;9955.0;Roberto Pereyra;3-5-2;Marco Di Bello;Match Report;;Udinese;2022-08-2618:30Serie AMatchweek 3AwayWMonzaUdinese;15.0;4.0;13.8;1.0;0;404.0;81.2;2;0;0;10.0;4.0;9.0;25.0;€142.30m;6
4;2022-08-31;18:30;Serie A;Matchweek 4;Wed;Home;W;1.0;0.0;Fiorentina;1.3;0.7;27.0;19684.0;Roberto Pereyra;3-5-2;Maurizio Mariani;Match Report;;Udinese;2022-08-3118:30Serie AMatchweek 4HomeWFiorentinaUdinese;8.0;3.0;18.0;0.0;0;263.0;67.3;1;0;0;13.0;5.0;9.0;25.0;€142.30m;5
5;2022-09-04;20:45;Serie A;Matchweek 5;Sun;Home;W;4.0;0.0;Roma;1.2;0.8;43.0;24108.0;Roberto Pereyra;3-5-2;Fabio Maresca;Match Report;;Udinese;2022-09-0420:45Serie AMatchweek 5HomeWRomaUdinese;11.0;5.0;18.2;1.0;0;413.0;80.6;3;0;0;16.0;0.0;7.0;25.0;€142.30m;4
6;2022-09-11;15:00;Serie A;Matchweek 6;Sun;Away;W;3.0;1.0;Sassuolo;2.1;0.5;67.0;8694.0;Roberto Pereyra;3-5-2;Giacomo Camplone;Match Report;;Udinese;2022-09-1115:00Serie AMatchweek 6AwayWSassuoloUdinese;17.0;4.0;18.8;2.0;0;594.0;86.9;3;0;0;16.0;5.0;11.0;25.0;€142.30m;7
7;2022-09-18;12:30;Serie A;Matchweek 7;Sun;Home;W;3.0;1.0;Inter;1.6;1.1;44.0;22475.0;Roberto Pereyra;3-5-2;Paolo Valeri;Match Report;;Udinese;2022-09-1812:30Serie AMatchweek 7HomeWInterUdinese;20.0;6.0;18.4;2.0;0;375.0;73.1;3;0;0;11.0;1.0;11.0;25.0;€142.30m;7
8;2022-10-03;20:45;Serie A;Matchweek 8;Mon;Away;W;2.0;1.0;Hellas Verona;1.8;0.3;68.0;15352.0;Roberto Pereyra;3-5-2;Daniele Minelli;Match Report;;Udinese;2022-10-0320:45Serie AMatchweek 8AwayWHellas VeronaUdinese;21.0;8.0;17.9;0.0;0;586.0;84.1;3;0;0;11.0;1.0;12.0;25.0;€142.30m;15
9;2022-10-09;15:00;Serie A;Matchweek 9;Sun;Home;D;2.0;2.0;Atalanta;1.0;2.1;59.0;24671.0;Roberto Pereyra;3-5-2;Daniele Doveri;Match Report;;Udinese;2022-10-0915:00Serie AMatchweek 9HomeDAtalantaUdinese;10.0;2.0;17.8;2.0;0;550.0;82.5;2;0;0;11.0;0.0;8.0;25.0;€142.30m;6
10;2022-10-16;15:00;Serie A;Matchweek 10;Sun;Away;D;0.0;0.0;Lazio;0.9;0.8;46.0;45000.0;Roberto Pereyra;3-5-2;Andrea Colombo;Match Report;;Udinese;2022-10-1615:00Serie AMatchweek 10AwayDLazioUdinese;12.0;2.0;16.9;1.0;0;438.0;79.9;4;0;0;11.0;1.0;10.0;25.0;€142.30m;7
11;2022-10-19;21:00;Coppa Italia;Second round;Wed;Home;L;2.0;3.0;Monza;;;51.0;5034.0;Bram Nuytinck;3-5-2;Federico Dionisi;Match Report;;Udinese;2022-10-1921:00Coppa ItaliaSecond roundHomeLMonzaUdinese;22.0;5.0;;;0;;;2;0;0;15.0;3.0;8.0;25.0;€142.30m;3
12;2022-10-23;12:30;Serie A;Matchweek 11;Sun;Home;L;1.0;2.0;Torino;2.0;1.5;56.0;20711.0;Roberto Pereyra;3-5-2;Matteo Marchetti;Match Report;;Udinese;2022-10-2312:30Serie AMatchweek 11HomeLTorinoUdinese;15.0;4.0;17.2;0.0;0;472.0;79.0;2;0;0;12.0;1.0;5.0;25.0;€142.30m;4
13;2022-10-30;15:00;Serie A;Matchweek 12;Sun;Away;D;0.0;0.0;Cremonese;1.0;0.7;58.0;12810.0;Roberto Pereyra;3-5-2;Massimiliano Irrati;Match Report;;Udinese;2022-10-3015:00Serie AMatchweek 12AwayDCremoneseUdinese;13.0;3.0;18.5;1.0;0;570.0;80.9;0;0;0;9.0;3.0;6.0;25.0;€142.30m;7
14;2022-11-04;20:45;Serie A;Matchweek 13;Fri;Home;D;1.0;1.0;Lecce;1.7;0.7;57.0;21834.0;Roberto Pereyra;3-5-2;Francesco Fourneau;Match Report;;Udinese;2022-11-0420:45Serie AMatchweek 13HomeDLecceUdinese;16.0;5.0;19.4;0.0;0;508.0;75.6;2;0;0;12.0;2.0;7.0;25.0;€142.30m;5
15;2022-11-08;18:30;Serie A;Matchweek 14;Tue;Away;D;1.0;1.0;Spezia;0.6;2.0;51.0;6900.0;Roberto Pereyra;3-5-2;Marco Piccinini;Match Report;;Udinese;2022-11-0818:30Serie AMatchweek 14AwayDSpeziaUdinese;10.0;2.0;21.5;0.0;0;480.0;79.8;3;0;0;12.0;4.0;7.0;25.0;€142.30m;4
16;2022-11-12;15:00;Serie A;Matchweek 15;Sat;Away;L;2.0;3.0;Napoli;0.7;1.5;37.0;51000.0;Roberto Pereyra;3-5-2;Giovanni Ayroldi;Match Report;;Udinese;2022-11-1215:00Serie AMatchweek 15AwayLNapoliUdinese;10.0;4.0;19.6;1.0;0;403.0;78.7;3;0;0;13.0;1.0;8.0;25.0;€142.30m;4
17;2023-01-04;20:45;Serie A;Matchweek 16;Wed;Home;D;1.0;1.0;Empoli;1.9;0.4;60.0;19237.0;Roberto Pereyra;3-5-2;Marco Serra;Match Report;;Udinese;2023-01-0420:45Serie AMatchweek 16HomeDEmpoliUdinese;21.0;3.0;19.9;1.0;0;558.0;84.2;2;0;0;15.0;0.0;5.0;25.0;€142.30m;53
18;2023-01-07;18:00;Serie A;Matchweek 17;Sat;Away;L;0.0;1.0;Juventus;0.5;2.4;49.0;;Roberto Pereyra;3-5-2;Matteo Marchetti;Match Report;;Udinese;2023-01-0718:00Serie AMatchweek 17AwayLJuventusUdinese;11.0;3.0;21.6;0.0;0;495.0;82.8;2;0;0;13.0;0.0;6.0;25.0;€142.30m;3
